AccommodationID,AccommodationName,OwnerIDCardNumber,CityDistrictID,StreetAddress,AccommodationTypeID,NumberOfRooms,Capacity,PricePerNight
ACM000000001,,844337223887,172,798 Debs Alley,FS,4,19,4380479.0
ACM000000002,"On Assignment, Inc.",428690549976,675,1627 Fisk Park,FS,2,10,3583433.0
ACM000000003,First Majestic Silver Corp.,180126128092,49,7163 Arrowood Center,PH,1,9,1236240.0
ACM000000004,,694335562702,696,40863 Messerschmidt Court,DP,2,10,3502700.0
ACM000000005,World Acceptance Corporation,765519043036,290,762 Elmside Terrace,TH,4,20,4607210.0
ACM000000009,,408276384428,658,39498 Memorial Street,BG,2,5,4821253.0
ACM000000010,"Aptose Biosciences, Inc.",33830750392,113,14 Autumn Leaf Center,CD,1,18,1360795.0
ACM000000012,,271337445089,673,00 Atwood Junction,RS,4,18,1121091.0
ACM000000013,,234658256134,233,000 Forster Trail,DP,6,8,1770637.0
ACM000000019,,641082657185,521,47 Brown Court,PH,1,11,4359360.0
ACM000000020,,332811653345,608,0 Hagan Parkway,VL,5,18,1253847.0
ACM000000021,,743082882401,131,70831 Crest Line Park,HS,5,20,1879585.0
ACM000000022,,43606517149,413,9 Welch Hill,CD,1,15,4250251.0
ACM000000024,John Hancock Financial Opportunities Fund,534763041922,65,18 Glacier Hill Plaza,VL,2,10,2657411.0
ACM000000025,,955691158308,141,6 Bellgrove Court,ST,1,10,1500200.0
ACM000000029,,759131901132,203,181 Melvin Trail,HS,5,5,3365232.0
ACM000000031,"Lantronix, Inc.",497211879982,573,5 Shoshone Circle,PH,1,9,2037361.0
ACM000000036,,311010903778,394,0768 Golden Leaf Center,DP,6,13,4276668.0
ACM000000038,,127554734742,258,4 Clarendon Alley,PH,1,19,1540946.0
ACM000000040,Citizens & Northern Corp,680849029959,612,7998 Lindbergh Crossing,CD,1,7,2141087.0
ACM000000041,,413559687781,227,3 Fulton Crossing,ST,1,17,3477160.0
ACM000000042,,684509656708,86,1 Hermina Hill,BG,6,12,4774037.0
ACM000000043,,300156163213,276,9168 Oak Valley Way,BG,6,2,4399073.0
ACM000000045,,64178108609,361,35846 Lotheville Point,RS,2,12,703551.0
ACM000000046,,141046291814,473,85833 Eastwood Circle,HS,4,16,2263045.0
ACM000000047,"Amkor Technology, Inc.",36125555750,122,9156 Arrowood Junction,FS,3,20,2570128.0
ACM000000048,"Capitol Federal Financial, Inc.",389069063540,424,7 Melody Terrace,VL,2,18,1703145.0
ACM000000049,,517680977465,392,7 East Parkway,RS,2,4,4694633.0
ACM000000050,Prudential Public Limited Company,811405903064,62,2 Oak Valley Pass,CD,1,19,1620410.0
ACM000000052,,885006309420,687,610 Sherman Point,HS,6,11,4504531.0
ACM000000055,,737835757144,299,592 Dovetail Point,ST,1,11,3269948.0
ACM000000056,,529826119741,653,370 Service Hill,RS,2,20,4272499.0
ACM000000061,"Owens & Minor, Inc.",647850102417,497,87 Victoria Way,DP,2,12,1688571.0
ACM000000063,,604020241870,536,73850 Judy Alley,VL,5,13,3964931.0
ACM000000067,"Intevac, Inc.",386981018048,503,89 Towne Drive,RS,4,19,4906045.0
ACM000000068,,717899729415,377,909 Karstens Park,FS,6,3,4015274.0
ACM000000069,Public Storage,353103300350,321,60 Jana Place,DP,3,18,3423211.0
ACM000000070,Waters Corporation,754070797029,386,733 Dottie Plaza,DP,5,18,2241358.0
ACM000000071,,173801248416,698,76768 Acker Lane,HS,3,9,2899666.0
ACM000000072,,636631323763,58,4 Mitchell Drive,VL,2,13,1808848.0
ACM000000073,,67420474841,298,35847 Rowland Road,CD,1,18,4374517.0
ACM000000075,"FireEye, Inc.",428690549976,679,82 Straubel Circle,FS,2,16,2505389.0
ACM000000077,,479280529685,160,77 Bobwhite Place,DP,2,17,3582147.0
ACM000000078,,100677932259,86,751 Eggendart Center,VL,4,11,4641038.0
ACM000000079,,948355582750,625,2 South Park,ST,1,2,2658588.0
ACM000000081,,271337445089,617,749 Lakewood Alley,VL,4,6,3500830.0
ACM000000082,,621816645014,1,1507 Red Cloud Terrace,RS,4,11,2631071.0
ACM000000083,Tri Continental Corporation,218178239924,626,61 Haas Junction,RS,2,12,4730795.0
ACM000000087,Vornado Realty Trust,399476908273,294,760 Porter Terrace,VL,3,5,741921.0
ACM000000088,Veritiv Corporation,552494053134,424,2106 Bowman Terrace,HS,5,18,3320026.0
ACM000000089,,612796214975,318,0320 Bayside Circle,HS,2,14,3040369.0
ACM000000092,,787869996090,387,5 Cottonwood Alley,VL,3,15,694395.0
ACM000000093,,750390006637,140,8 Homewood Center,HS,3,17,2672585.0
ACM000000094,"Albireo Pharma, Inc.",248536616026,318,5677 Tomscot Hill,ST,1,9,2296462.0
ACM000000096,,193798395734,188,3 Amoth Court,VL,3,11,4480131.0
ACM000000097,Encore Capital Group Inc,744434723871,148,30 Eastlawn Drive,FS,6,7,1588671.0
ACM000000098,,942243840689,98,98 Warrior Alley,CD,1,16,4287576.0
ACM000000100,First Trust/Aberdeen Global Opportunity Income Fund,883265960573,481,2 Sheridan Avenue,PH,1,20,1747054.0
ACM000000101,Bank of Nova Scotia (The),902840691398,488,63568 Hallows Center,RS,6,4,4845704.0
ACM000000102,"Biocept, Inc.",353533667061,215,29746 Dorton Pass,CD,1,18,4703262.0
ACM000000104,,251657497889,168,1842 Green Ridge Circle,HS,6,18,3702490.0
ACM000000105,DLH Holdings Corp.,883265960573,671,1 Fieldstone Alley,ST,1,11,3398650.0
ACM000000107,,710210038990,503,49 Springs Parkway,RS,6,15,1374289.0
ACM000000112,,770040282953,137,3061 High Crossing Trail,FS,5,18,4199382.0
ACM000000113,,212619539862,251,12836 Morningstar Alley,ST,1,10,1178161.0
ACM000000116,,719977157466,559,344 Oriole Street,DP,3,7,1584778.0
ACM000000117,,345466954979,473,87 Arkansas Drive,HS,6,8,2677195.0
ACM000000119,AMC Networks Inc.,334647433820,163,8953 Heffernan Trail,ST,1,20,2308904.0
ACM000000120,,31557385468,650,6 Farragut Lane,FS,3,9,607031.0
ACM000000121,,710102651340,495,0 Mariners Cove Park,BG,3,19,2692217.0
ACM000000122,Morgan Stanley,1436984060,189,29000 Dapin Way,RS,4,2,3294225.0
ACM000000123,,593243463266,561,3342 Porter Hill,PH,1,15,709314.0
ACM000000124,,946007468204,517,9509 Cherokee Plaza,FS,3,11,530444.0
ACM000000125,Immuron Limited,893583278637,239,3834 Magdeline Terrace,FS,6,16,1035591.0
ACM000000127,"Hawaiian Electric Industries, Inc.",127877677541,210,37718 Birchwood Avenue,VL,4,15,1420268.0
ACM000000128,"Cellular Biomedicine Group, Inc.",611501621513,470,28130 Kenwood Place,DP,6,14,2590073.0
ACM000000129,Double Eagle Acquisition Corp.,838341359944,275,8 Namekagon Pass,VL,5,10,3420861.0
ACM000000131,,300156163213,53,9261 2nd Avenue,RS,6,10,145149.0
ACM000000132,,699824259470,593,86 Hanover Avenue,PH,1,14,4594202.0
ACM000000134,"Church & Dwight Company, Inc.",999644072628,506,92 Melvin Street,TH,4,7,4783830.0
ACM000000135,La Jolla Pharmaceutical Company,959578451054,177,95955 Meadow Valley Alley,BG,2,18,1946631.0
ACM000000136,SBA Communications Corporation,453054157989,291,2 Kim Hill,BG,6,7,3849457.0
ACM000000137,"Entergy New Orleans, Inc.",100677932259,503,51 Merchant Crossing,DP,2,4,1358872.0
ACM000000141,"NextEra Energy, Inc.",431748159466,143,9 Brickson Park Avenue,DP,5,15,1716244.0
ACM000000142,,257749160219,394,59 Delaware Circle,CD,1,6,1030018.0
ACM000000144,,820975475015,677,2 Chinook Center,ST,1,2,1106638.0
ACM000000149,"Anthem, Inc.",697894803476,19,09 Scoville Parkway,FS,2,6,3057262.0
ACM000000151,,562160093149,193,2071 Hoepker Pass,TH,5,5,4642605.0
ACM000000152,,576267393427,316,1198 Buena Vista Junction,FS,2,20,263765.0
ACM000000155,,512039666929,239,71 Dawn Plaza,PH,1,13,1215197.0
ACM000000156,,707349677030,35,73348 Reindahl Lane,RS,6,13,4145821.0
ACM000000157,,519638035213,632,0904 Steensland Trail,TH,4,2,2266753.0
ACM000000158,,399600718292,303,70376 Anderson Road,BG,5,8,3886705.0
ACM000000159,,286979705567,520,396 Arapahoe Trail,VL,3,13,4271033.0
ACM000000160,,456200320319,648,454 Acker Point,DP,3,17,4442663.0
ACM000000163,Quotient Limited,431383206896,417,366 Fieldstone Alley,BG,2,13,3919619.0
ACM000000164,ReWalk Robotics Ltd,606105013659,328,6 Harbort Road,CD,1,15,1035231.0
ACM000000165,,820975475015,689,10074 Haas Court,HS,4,11,2674093.0
ACM000000166,"USANA Health Sciences, Inc.",838703457557,359,9906 Loftsgordon Drive,BG,3,7,3731489.0
ACM000000167,Charter Financial Corp.,607293056035,120,88 Northfield Center,RS,4,7,346318.0
ACM000000168,,603108827655,385,29 Moulton Terrace,PH,1,19,1885975.0
ACM000000170,,716794025890,651,8 High Crossing Terrace,DP,6,5,999254.0
ACM000000171,,289276262197,401,74693 Duke Lane,FS,5,14,404512.0
ACM000000173,,771791444763,310,143 Ilene Point,CD,1,3,1019870.0
ACM000000174,,257994280838,433,8 Meadow Valley Road,CD,1,10,4258708.0
ACM000000176,"Liberty All-Star Growth Fund, Inc.",54471860007,671,070 Elka Street,BG,3,10,472203.0
ACM000000177,Capital Bank Financial Corp.,727497370639,257,16956 Elmside Parkway,RS,6,13,4270494.0
ACM000000178,,300156163213,75,23 Pierstorff Alley,PH,1,8,542301.0
ACM000000179,,218041803454,130,6 Luster Trail,CD,1,18,1072892.0
ACM000000180,"First Interstate BancSystem, Inc.",654004162292,314,670 Jana Point,HS,6,6,2957286.0
ACM000000181,AllianzGI Equity & Convertible Income Fund,877207064106,664,6 Harper Junction,DP,3,4,4340288.0
ACM000000182,,448789660860,215,7040 Glendale Park,TH,4,4,2560670.0
ACM000000184,,652950529225,211,04 Susan Road,HS,2,11,3592037.0
ACM000000185,,823284309503,510,0884 Farwell Way,ST,1,10,1904851.0
ACM000000188,,289276262197,327,8185 Arrowood Parkway,VL,6,10,552858.0
ACM000000189,,33111207906,568,9 Russell Park,PH,1,8,417406.0
ACM000000190,RAIT Financial Trust,254234622092,575,17759 Village Green Parkway,VL,6,3,2486269.0
ACM000000192,Axovant Sciences Ltd.,55141168283,36,32 Eastlawn Center,FS,5,4,2661886.0
ACM000000193,"Civista Bancshares, Inc. ",773734046140,143,535 Red Cloud Plaza,CD,1,17,3615524.0
ACM000000194,,844337223887,308,8 Goodland Street,RS,5,5,2829590.0
ACM000000196,,382443607209,148,0779 Beilfuss Circle,TH,3,16,4830982.0
ACM000000197,,643941890539,67,026 Russell Center,RS,5,12,243286.0
ACM000000199,Managed Duration Investment Grade Municipal Fund,872100963350,349,97649 Del Sol Court,VL,2,20,4916111.0
ACM000000200,,586489799194,294,7180 Arrowood Road,ST,1,12,2088335.0
ACM000000201,,393390841129,331,98 Crescent Oaks Terrace,HS,6,3,4740240.0
ACM000000202,,507431045893,668,369 Sachtjen Park,CD,1,9,4181532.0
ACM000000203,"DWS High Income Opportunities Fund, Inc.",986683954318,332,4956 Monterey Crossing,BG,2,5,3662066.0
ACM000000204,Clearwater Paper Corporation,438749468006,653,4 Schurz Court,VL,6,12,3658491.0
ACM000000205,,927077812693,11,843 Kennedy Way,PH,1,12,1321792.0
ACM000000206,IRIDEX Corporation,84720144175,447,9 Messerschmidt Point,BG,5,3,4645837.0
ACM000000207,"Pulse Biosciences, Inc",55141168283,384,0 Prentice Drive,PH,1,7,3435916.0
ACM000000211,,744815353700,437,6 Melrose Circle,CD,1,13,951961.0
ACM000000213,"Total System Services, Inc.",245252140052,202,6 Lukken Park,RS,6,10,3927984.0
ACM000000214,,758630170579,411,4912 East Drive,ST,1,13,3591330.0
ACM000000216,,297229395061,564,408 Bultman Drive,CD,1,2,1209481.0
ACM000000218,,251657497889,179,67 Cascade Drive,HS,6,3,3307844.0
ACM000000219,Colonial High Income Municipal Trust,272437344922,570,78 Sundown Park,RS,5,2,1687471.0
ACM000000220,MFS Intermediate Income Trust,201863600586,126,9395 Hudson Drive,PH,1,13,349648.0
ACM000000221,EPR Properties,942243840689,15,68651 Washington Drive,CD,1,8,4450871.0
ACM000000222,,791901638154,516,7 Northland Parkway,CD,1,19,4337120.0
ACM000000223,,354288711567,497,93324 Starling Avenue,ST,1,4,3779349.0
ACM000000224,"Pieris Pharmaceuticals, Inc.",100070578554,438,748 Hanover Point,DP,3,13,3303657.0
ACM000000225,Kimco Realty Corporation,659817819188,629,2744 Susan Lane,BG,4,9,759798.0
ACM000000229,,904099535170,135,849 Muir Pass,VL,5,11,805044.0
ACM000000230,,11136019710,695,590 Tony Trail,PH,1,18,390938.0
ACM000000231,,492582013975,649,487 Leroy Hill,RS,5,16,2878670.0
ACM000000232,,791901638154,576,0 Burrows Junction,RS,3,16,731484.0
ACM000000234,,700372838956,460,3 Sommers Trail,DP,4,7,4310074.0
ACM000000239,,100677932259,499,33630 Village Green Lane,ST,1,8,3801530.0
ACM000000240,"Eagle Bancorp Montana, Inc.",371166424587,96,82 Darwin Avenue,FS,5,11,4159127.0
ACM000000241,,638619186658,161,842 Carey Point,TH,4,2,1924301.0
ACM000000243,,453054157989,255,3435 Gina Crossing,PH,1,9,655209.0
ACM000000244,Blackstone / GSO Strategic Credit Fund,474096830956,666,46098 Veith Point,HS,5,14,3530103.0
ACM000000245,,334647433820,355,62 Petterle Way,RS,5,3,980934.0
ACM000000247,,692828980144,524,721 Heath Park,TH,4,18,2858745.0
ACM000000248,OncoGenex Pharmaceuticals Inc.,453525566249,633,0 Merry Drive,ST,1,2,3464479.0
ACM000000251,"Catabasis Pharmaceuticals, Inc.",883265960573,539,80 Manufacturers Junction,PH,1,3,245644.0
ACM000000253,,783205912393,274,70074 Roth Point,PH,1,11,1802175.0
ACM000000254,,141847376805,499,451 Banding Hill,TH,6,8,4904447.0
ACM000000255,CAE Inc,311010903778,199,57999 Helena Road,VL,5,10,3260545.0
ACM000000256,Caesars Acquisition Company,936641125404,334,6 Oxford Drive,VL,6,10,1530935.0
ACM000000257,,161601024124,177,848 Columbus Court,HS,2,12,3772548.0
ACM000000258,"CASI Pharmaceuticals, Inc.",606213566420,425,621 Stephen Park,BG,6,16,4759311.0
ACM000000259,,286492283225,311,69324 Del Sol Way,PH,1,20,4725423.0
ACM000000260,,242939853842,695,78497 Darwin Terrace,PH,1,2,726301.0
ACM000000262,,58897000479,50,1455 Hollow Ridge Pass,BG,5,5,1662676.0
ACM000000263,,529763076097,60,12 Glacier Hill Road,DP,4,5,3180513.0
ACM000000264,"Allscripts Healthcare Solutions, Inc.",787869996090,575,0639 Tennyson Terrace,PH,1,9,2561463.0
ACM000000265,iPath US Treasury 5-year Bear ETN,737645629,415,885 Columbus Terrace,TH,6,2,2073306.0
ACM000000266,,102320549156,251,933 Amoth Place,TH,2,4,4180197.0
ACM000000267,,143732566251,284,2 Colorado Avenue,HS,5,19,3393448.0
ACM000000268,"Gevo, Inc.",660666053520,377,5341 Sloan Center,BG,4,2,2824213.0
ACM000000269,,729449815609,430,0 Springs Point,BG,5,11,1250771.0
ACM000000270,PartnerRe Ltd.,599368308430,369,8954 Granby Court,CD,1,20,4225340.0
ACM000000272,,904099535170,688,04 Onsgard Court,CD,1,11,2323678.0
ACM000000273,,193798395734,568,54 Independence Alley,FS,4,19,897790.0
ACM000000275,NIC Inc.,298628448324,226,8 Schlimgen Way,PH,1,18,2237817.0
ACM000000276,"Lifetime Brands, Inc.",897394493971,348,9038 Texas Circle,PH,1,12,1984107.0
ACM000000277,"Arrow Electronics, Inc.",856537899380,19,6 Loeprich Court,CD,1,19,3020104.0
ACM000000278,,603750489997,49,71156 Buhler Way,ST,1,7,1892442.0
ACM000000279,Heska Corporation,203612704052,186,1 Cambridge Court,ST,1,7,4120859.0
ACM000000281,Hancock Holding Company,431735303098,488,566 Thierer Way,CD,1,2,868158.0
ACM000000282,,872128245202,265,27358 Anthes Point,HS,6,12,4196696.0
ACM000000283,,768394196461,277,825 Elka Terrace,TH,3,15,4417733.0
ACM000000284,,529180022544,335,8 Cherokee Way,TH,3,3,573119.0
ACM000000285,NASDAQ TEST STOCK,242939853842,636,7 Dunning Plaza,RS,2,15,4629646.0
ACM000000286,,10784341907,512,4634 Northport Place,VL,5,5,4218666.0
ACM000000288,,283365079760,16,40 Artisan Parkway,DP,2,19,549293.0
ACM000000292,Quest Diagnostics Incorporated,773902041499,105,1 Esker Plaza,DP,4,10,4346590.0
ACM000000293,Nuveen New York AMT-Free Quality Municipal,938752213189,415,2 Tony Avenue,ST,1,19,143839.0
ACM000000295,"NextEra Energy Partners, LP",775950106912,379,08 Namekagon Alley,CD,1,13,3474299.0
ACM000000299,,814133709339,104,83 Eastlawn Pass,ST,1,13,652971.0
ACM000000300,"PC Connection, Inc.",244219563283,325,3992 Twin Pines Trail,ST,1,7,1951235.0
ACM000000302,Big 5 Sporting Goods Corporation,893491213652,226,74 Blue Bill Park Avenue,CD,1,15,3748382.0
ACM000000304,PIMCO Income Strategy Fund II,237401067301,596,0 Orin Court,RS,4,3,1997236.0
ACM000000306,"Valeant Pharmaceuticals International, Inc.",599368308430,395,8905 New Castle Way,ST,1,6,2400022.0
ACM000000308,"CYS Investments, Inc.",284896899268,694,88 6th Terrace,FS,5,2,4083549.0
ACM000000309,Qwest Corporation,216029233692,371,30 Sachs Hill,ST,1,13,2119711.0
ACM000000311,Altisource Portfolio Solutions S.A.,605169656597,47,8458 Pearson Way,RS,4,19,3326668.0
ACM000000313,,804475927334,217,9733 Longview Crossing,PH,1,9,1535315.0
ACM000000314,Restaurant Brands International Inc.,897265246084,583,3 Novick Way,ST,1,14,505733.0
ACM000000316,"Genocea Biosciences, Inc.",117139865085,101,4 Mariners Cove Alley,HS,3,17,1057740.0
ACM000000319,,73639929310,93,8 Morningstar Drive,PH,1,3,4163443.0
ACM000000321,,762890393882,639,19047 Crest Line Circle,CD,1,6,4684537.0
ACM000000322,U.S. Bancorp,316051168560,518,66206 Summerview Crossing,BG,4,14,3651543.0
ACM000000324,,529826119741,275,273 Village Pass,HS,2,17,2054079.0
ACM000000326,,800230629402,558,1841 West Way,FS,6,19,122955.0
ACM000000328,Canadian Imperial Bank of Commerce,690339623084,614,6172 Florence Place,ST,1,16,1567236.0
ACM000000329,E.W. Scripps Company (The),893654486677,131,4082 Lunder Crossing,FS,6,10,4080811.0
ACM000000330,,507431045893,543,319 Montana Lane,HS,5,19,2978515.0
ACM000000331,,434916579525,55,11 Crescent Oaks Center,RS,2,13,306814.0
ACM000000333,,820975475015,416,4551 Vera Parkway,HS,3,4,1072992.0
ACM000000334,,668821119388,287,9614 Calypso Drive,HS,6,9,2088978.0
ACM000000335,"United Dominion Realty Trust, Inc.",431748159466,267,851 Lerdahl Court,RS,5,13,1597690.0
ACM000000339,Citizens Holding Company,232788688828,519,824 Arizona Junction,VL,4,5,2356095.0
ACM000000340,,352063730537,57,200 Melrose Park,VL,4,19,4206034.0
ACM000000342,DTE Energy Company,416603664612,446,99289 Monica Hill,RS,6,12,752857.0
ACM000000344,"Syndax Pharmaceuticals, Inc.",180214289259,622,8654 Luster Point,FS,2,3,1628327.0
ACM000000345,,723188270128,580,2 Fairfield Park,DP,6,16,3544922.0
ACM000000346,,67366344531,456,941 Oxford Circle,DP,5,11,2223221.0
ACM000000349,,90997017836,240,6 Sheridan Hill,ST,1,14,4779571.0
ACM000000350,,601289928207,520,8134 Fuller Hill,RS,4,10,4416800.0
ACM000000352,,300156163213,66,19834 1st Way,ST,1,19,657588.0
ACM000000353,Aircastle Limited,773902041499,569,6521 Novick Place,ST,1,14,2490678.0
ACM000000355,VictoryShares US Discovery Enhanced Volatility Wtd ETF,866806093967,359,35094 Towne Place,TH,3,17,4428224.0
ACM000000356,"Xenith Bankshares, Inc.",991640557574,405,3 Eggendart Lane,DP,6,8,2530576.0
ACM000000359,Mallinckrodt plc,604020241870,195,1 Orin Junction,BG,2,3,1818639.0
ACM000000360,,300156163213,103,2384 Hoffman Hill,FS,6,13,1593176.0
ACM000000361,,620991103131,35,640 Armistice Way,DP,3,18,1839803.0
ACM000000362,,389069063540,323,84800 Veith Drive,ST,1,20,1317372.0
ACM000000363,,382443607209,565,79 Tennyson Drive,TH,2,14,3705261.0
ACM000000364,Cerus Corporation,122640230708,499,90237 Grayhawk Point,FS,3,5,1083389.0
ACM000000366,,773902041499,103,408 Gina Alley,BG,3,3,3804122.0
ACM000000368,,962642375431,433,2200 Scofield Crossing,HS,5,5,1686572.0
ACM000000370,,280705584909,348,309 Algoma Center,RS,4,16,3036922.0
ACM000000371,Astrazeneca PLC,576267393427,118,08 Evergreen Alley,ST,1,17,4563154.0
ACM000000372,,389069063540,441,82 Kennedy Terrace,DP,5,11,643804.0
ACM000000373,,120923557466,463,90 Waywood Parkway,RS,6,20,1368743.0
ACM000000374,"TeleTech Holdings, Inc.",280627824590,458,1 Grim Pass,BG,5,11,1196484.0
ACM000000375,,626470622128,179,36 Autumn Leaf Terrace,BG,6,2,847881.0
ACM000000376,,690158807925,514,825 Bellgrove Crossing,VL,4,15,2677124.0
ACM000000378,Nam Tai Property Inc.,161601024124,29,94 Reinke Junction,HS,4,10,566913.0
ACM000000379,,324965733001,282,6 Sachtjen Plaza,PH,1,9,4670799.0
ACM000000381,,838781646358,500,6 Grayhawk Point,ST,1,3,771863.0
ACM000000384,,517449332782,513,16 Muir Alley,BG,4,16,1944471.0
ACM000000385,,620339088997,560,082 Green Avenue,FS,5,18,3520693.0
ACM000000387,,388772472924,685,58 Stephen Street,FS,3,5,1897612.0
ACM000000388,,343204791502,381,3150 Stang Terrace,DP,2,5,4172323.0
ACM000000389,"Tempur Sealy International, Inc.",456200320319,108,58 Fordem Crossing,DP,2,15,4964264.0
ACM000000393,,710102651340,11,93 Kensington Way,BG,4,15,2288196.0
ACM000000394,,954755853486,584,9 Basil Lane,ST,1,12,4417543.0
ACM000000395,Agrium Inc.,776615812241,258,187 Ohio Center,DP,3,9,1807349.0
ACM000000397,,602538118295,656,384 Coleman Lane,PH,1,10,2964349.0
ACM000000398,,455239998207,570,6 2nd Road,VL,6,16,3487941.0
ACM000000399,Berkshire Hathaway Inc.,916816223278,220,6519 Grasskamp Plaza,PH,1,4,1542876.0
ACM000000400,,435279241488,696,12 Ohio Crossing,RS,5,8,3029945.0
ACM000000402,Phillips 66,413559687781,693,39790 Spaight Point,PH,1,18,992104.0
ACM000000403,"Valeritas Holdings, Inc.",868041976567,460,293 Muir Center,HS,4,8,4883948.0
ACM000000407,U.S. Bancorp,54471860007,560,236 Blackbird Place,HS,5,15,568982.0
ACM000000408,"Natural Alternatives International, Inc.",603108827655,156,49900 Manley Circle,VL,3,18,4994960.0
ACM000000409,Cantel Medical Corp.,954755853486,248,47 Iowa Street,VL,4,9,1212320.0
ACM000000410,,885006309420,73,0 Lighthouse Bay Road,TH,4,17,4455048.0
ACM000000411,,883265960573,359,971 Fairview Plaza,PH,1,20,1094070.0
ACM000000413,,533763018101,313,07 Daystar Trail,VL,4,10,1693046.0
ACM000000414,Affimed N.V.,218041803454,126,7 7th Hill,DP,3,10,2714420.0
ACM000000418,"NetScout Systems, Inc.",435279241488,313,18603 Scoville Alley,DP,3,11,409427.0
ACM000000419,,525646040779,137,622 Bartillon Crossing,HS,3,12,2419905.0
ACM000000420,Synovus Financial Corp.,482196517498,96,55619 Coolidge Center,BG,5,6,3214650.0
ACM000000421,,938858901389,685,60 Hanson Hill,CD,1,5,2319641.0
ACM000000422,,218178239924,286,50 La Follette Way,PH,1,12,1679701.0
ACM000000423,,607293056035,200,3 Grasskamp Hill,HS,5,11,2859424.0
ACM000000424,,654004162292,199,34 Division Plaza,RS,2,19,4257016.0
ACM000000425,,759131901132,151,8 Carberry Way,DP,2,6,3222323.0
ACM000000427,"Zoe's Kitchen, Inc.",840502109758,639,2489 Lyons Court,CD,1,2,692636.0
ACM000000431,,37098606210,260,69819 Sycamore Plaza,DP,4,5,4589919.0
ACM000000432,,515120791144,287,27971 Washington Circle,PH,1,3,1577823.0
ACM000000433,"Energy Transfer Partners, L.P.",586489799194,313,6062 Meadow Valley Circle,HS,6,2,3764028.0
ACM000000435,,627968767512,485,9 Saint Paul Center,FS,4,11,2043291.0
ACM000000438,"Latin American Discovery Fund, Inc. (The)",413559687781,117,77 Kim Circle,ST,1,20,4511585.0
ACM000000439,Appian Corporation,742118585708,597,571 Mandrake Center,ST,1,2,2439953.0
ACM000000442,BRT Apartments Corp.,955691158308,515,53475 Melvin Parkway,CD,1,15,2514598.0
ACM000000443,,647850102417,79,6 Hoepker Way,CD,1,6,2883081.0
ACM000000444,,962038058723,222,424 Merchant Circle,TH,5,15,3582822.0
ACM000000446,,64178108609,310,62 Fallview Circle,FS,6,19,1208724.0
ACM000000447,"Health Insurance Innovations, Inc.",434886250408,12,58478 Pawling Junction,FS,3,19,3892300.0
ACM000000449,ZTO Express (Cayman) Inc.,647850102417,290,655 Westport Park,DP,6,2,1421889.0
ACM000000450,,949632332937,578,959 Hagan Plaza,PH,1,8,1963784.0
ACM000000451,Main Street Capital Corporation,817844161750,201,38 Reinke Circle,VL,6,15,2854586.0
ACM000000452,,638619186658,504,5 Harper Pass,RS,3,19,4271200.0
ACM000000453,,926821527378,274,7 Springview Hill,HS,5,18,4577920.0
ACM000000454,,91995516417,61,2 Lotheville Lane,VL,5,9,1792772.0
ACM000000455,"Kura Oncology, Inc.",723188270128,216,1 Erie Place,ST,1,18,4568110.0
ACM000000456,"Owens-Illinois, Inc.",35596463691,10,1028 Morningstar Way,ST,1,14,1292936.0
ACM000000458,,783205912393,126,51046 Gale Avenue,FS,5,18,786885.0
ACM000000460,,621816645014,68,2008 Eliot Crossing,CD,1,7,4563300.0
ACM000000462,,692828980144,156,18 Cottonwood Street,VL,2,13,315714.0
ACM000000463,,731196740217,473,1 Dorton Point,ST,1,3,3674712.0
ACM000000464,,641082657185,638,433 Spohn Point,ST,1,7,2110935.0
ACM000000466,,600002034264,553,74185 Delaware Crossing,BG,5,7,1682787.0
ACM000000471,,147073006406,162,2785 Northridge Avenue,DP,2,15,3458408.0
ACM000000472,"Twenty-First Century Fox, Inc.",728535571743,591,3319 Havey Road,ST,1,7,4079820.0
ACM000000474,"Presidio, Inc.",180126128092,34,11 Burning Wood Parkway,TH,2,15,1743811.0
ACM000000475,,203612704052,207,40 Goodland Trail,BG,2,20,896448.0
ACM000000477,,848778730129,370,13 3rd Terrace,TH,5,13,469212.0
ACM000000480,Transdigm Group Incorporated,837202028453,199,5 Ruskin Pass,RS,5,16,2646473.0
ACM000000481,,138859261075,275,91 Shoshone Circle,VL,5,16,4458957.0
ACM000000482,"TPG Specialty Lending, Inc.",753297938242,514,6 Larry Place,ST,1,3,439197.0
ACM000000483,Cathay General Bancorp,74980008914,467,23 Shelley Plaza,DP,5,6,4456468.0
ACM000000484,Intel Corporation,659817819188,409,22 Mayfield Circle,RS,6,18,4290385.0
ACM000000486,"F5 Networks, Inc.",993600267748,269,760 Holy Cross Point,RS,6,14,3911969.0
ACM000000487,LendingClub Corporation,431748159466,271,88 Pennsylvania Pass,HS,3,13,876198.0
ACM000000488,First Trust International Multi-Asset Diversified Income Index,100677932259,635,22 Nancy Plaza,FS,5,7,3053219.0
ACM000000490,NeuroDerm Ltd.,11136019710,19,26165 Mayer Place,CD,1,2,401068.0
ACM000000492,,533763018101,546,68958 Aberg Road,ST,1,15,2005901.0
ACM000000494,,643783766733,307,048 Harbort Plaza,VL,3,13,3377709.0
ACM000000495,,692828980144,139,7979 Orin Road,TH,4,6,4568764.0
ACM000000496,,908013598212,616,98 Grayhawk Avenue,FS,4,11,4382095.0
ACM000000497,"Workhorse Group, Inc.",737213012051,198,8 Mesta Court,RS,3,5,107237.0
ACM000000500,,254946616186,146,0 Pearson Junction,BG,2,17,1412616.0
ACM000000501,Xcerra Corporation,36759137657,110,420 Swallow Drive,FS,2,13,2447837.0
ACM000000502,Torchmark Corporation,284896899268,74,9 Declaration Road,VL,6,13,2920251.0
ACM000000505,,179093574641,469,999 Debs Place,DP,4,7,385403.0
ACM000000506,,428670375530,446,096 Manley Road,BG,3,7,1961202.0
ACM000000507,,353103300350,61,46 Eggendart Lane,CD,1,14,3173385.0
ACM000000510,ClearBridge Energy MLP Total Return Fund Inc.,280627824590,676,79483 Butterfield Drive,PH,1,16,4234382.0
ACM000000511,,50729423177,668,10 Oneill Crossing,PH,1,13,3996503.0
ACM000000513,,909945523385,342,9977 Orin Point,PH,1,18,3554239.0
ACM000000514,PPlus Trust,272437344922,144,668 8th Trail,FS,2,3,3051023.0
ACM000000515,"Plug Power, Inc.",435349209500,167,43 2nd Street,HS,3,12,1876853.0
ACM000000518,,141046291814,365,5490 Magdeline Trail,FS,3,13,2105465.0
ACM000000520,,85846792447,650,8 Summit Pass,RS,4,16,2697578.0
ACM000000521,,716477944082,478,2 Kensington Terrace,FS,3,14,2702612.0
ACM000000522,Quinpario Acquisition Corp. 2,936589767519,62,4888 Huxley Way,VL,2,3,3642218.0
ACM000000523,Federal Agricultural Mortgage Corporation,837730544428,643,05235 Warner Hill,HS,4,14,579061.0
ACM000000525,Graphic Packaging Holding Company,605169656597,109,235 La Follette Center,ST,1,15,2245093.0
ACM000000526,,602538118295,469,54 Warrior Drive,RS,2,14,171981.0
ACM000000527,TriMas Corporation,602112092359,385,3 Doe Crossing Point,HS,6,18,2443327.0
ACM000000529,Nuveen S&P 500 Buy-Write Income Fund,743082882401,9,20 Maryland Court,RS,6,17,4681401.0
ACM000000530,,32450383179,165,7 Hoepker Parkway,HS,6,4,1256318.0
ACM000000533,,840502109758,12,85690 Welch Hill,CD,1,16,2556388.0
ACM000000534,"United Dominion Realty Trust, Inc.",877207064106,292,48 Morningstar Place,CD,1,13,948716.0
ACM000000535,UGI Corporation,179093574641,352,740 High Crossing Hill,ST,1,13,2918815.0
ACM000000539,,9715006981,72,29 Sommers Junction,CD,1,16,1012153.0
ACM000000541,"Sequential Brands Group, Inc.",399600718292,442,098 Manufacturers Parkway,CD,1,14,1337397.0
ACM000000542,,555316270238,56,45 Dexter Terrace,DP,3,10,4766883.0
ACM000000543,Liberty Global plc,117139865085,381,6389 Park Meadow Plaza,PH,1,3,4302448.0
ACM000000545,Centrais Electricas Brasileiras S.A.- Eletrobras,856537899380,554,1674 Erie Crossing,PH,1,9,4941544.0
ACM000000546,,766456978404,479,4270 Nova Point,ST,1,15,2102964.0
ACM000000547,,721955733456,560,572 Maryland Avenue,HS,6,6,1366193.0
ACM000000550,Aspen Insurance Holdings Limited,754793154220,542,28 Anniversary Trail,TH,2,17,3429636.0
ACM000000552,,30679265235,522,2711 Dexter Alley,PH,1,4,2037635.0
ACM000000555,,10784341907,701,08625 Nancy Hill,DP,6,5,3890535.0
ACM000000557,,551961080503,668,21475 Basil Way,VL,6,18,2944985.0
ACM000000564,,903945247554,12,1275 Toban Drive,TH,4,10,4054068.0
ACM000000567,,393390841129,262,043 Dakota Hill,CD,1,8,3330434.0
ACM000000568,,42200371976,166,473 Bluejay Plaza,ST,1,12,2790919.0
ACM000000569,,710210038990,104,31 Logan Place,HS,3,16,4937125.0
ACM000000571,Comcast Corporation,820975475015,215,53780 Lawn Junction,VL,5,18,3517150.0
ACM000000573,,962642375431,17,9116 Troy Parkway,VL,4,3,3272796.0
ACM000000574,"Coherus BioSciences, Inc.",688236790238,61,37 6th Parkway,CD,1,12,3920241.0
ACM000000575,,659817819188,133,7 Longview Circle,PH,1,17,2708927.0
ACM000000578,"Reven Housing REIT, Inc.",868041976567,496,7 North Terrace,PH,1,18,2906784.0
ACM000000580,Ameris Bancorp,369903154964,407,944 Lotheville Junction,VL,2,12,1733425.0
ACM000000581,IAC/InterActiveCorp,91995516417,548,7201 School Park,DP,2,7,2756163.0
ACM000000582,,663232657897,14,1909 Lake View Trail,HS,5,11,2761553.0
ACM000000583,,515120791144,101,0983 South Point,VL,2,2,2491875.0
ACM000000585,,839778930886,466,8940 Amoth Avenue,CD,1,15,1630550.0
ACM000000588,,918876504655,612,53 Killdeer Road,DP,2,5,3307367.0
ACM000000589,,827918987177,528,554 Corry Pass,TH,5,14,3654731.0
ACM000000590,,602538118295,157,1 Tomscot Alley,ST,1,6,1906346.0
ACM000000591,,40672688113,143,531 Coolidge Parkway,PH,1,4,3637009.0
ACM000000592,Zymeworks Inc.,690339623084,327,67651 Elka Avenue,PH,1,3,3831359.0
ACM000000593,,431735303098,528,863 Barby Terrace,FS,4,5,4646915.0
ACM000000594,First Trust Large Cap Core AlphaDEX Fund,299486406733,113,85 Emmet Road,PH,1,7,1595718.0
ACM000000595,,640357595102,328,5 Crest Line Park,PH,1,7,1762576.0
ACM000000596,,694866504716,544,53 Sutteridge Circle,CD,1,9,866059.0
ACM000000597,"Spark Energy, Inc.",621816645014,180,4 Aberg Court,DP,5,16,3678826.0
ACM000000599,,330681279244,143,1 Cottonwood Drive,FS,4,12,789585.0
ACM000000600,"Moxian, Inc.",395756151852,529,27916 Golden Leaf Center,ST,1,8,1769800.0
ACM000000602,"Kelly Services, Inc.",946162810047,682,73202 Merry Place,HS,3,16,3160790.0
ACM000000604,,216029233692,165,67220 Oak Center,DP,2,11,816890.0
ACM000000607,,783205912393,172,55 8th Center,CD,1,15,1536948.0
ACM000000608,"Frankly, Inc.",108627902563,415,52 Golf Course Terrace,ST,1,5,3422842.0
ACM000000609,"NextEra Energy, Inc.",201863600586,39,073 Derek Point,TH,6,17,4979006.0
ACM000000610,,515843388969,358,2033 Rutledge Drive,PH,1,5,1389744.0
ACM000000611,,310289615665,224,99 East Hill,FS,4,2,2151552.0
ACM000000612,,617216598468,573,03 Hermina Trail,RS,4,4,1321704.0
ACM000000613,,228672438145,376,08854 Schiller Court,VL,5,13,3818526.0
ACM000000614,"Exponent, Inc.",95108844253,306,644 Prairie Rose Street,TH,2,13,962354.0
ACM000000615,,24100374977,374,679 Del Sol Point,FS,6,4,4834724.0
ACM000000616,,665908234930,213,4985 Clarendon Street,PH,1,13,2632369.0
ACM000000617,,256692810144,508,194 Thierer Plaza,CD,1,14,511994.0
ACM000000618,"AAON, Inc.",201077232937,160,93 Londonderry Road,ST,1,17,624779.0
ACM000000619,Hardinge Inc.,877207064106,317,61 Buell Street,ST,1,14,3014627.0
ACM000000620,"Old Dominion Freight Line, Inc.",100070578554,208,852 Roxbury Road,PH,1,10,2099994.0
ACM000000622,Biglari Holdings Inc.,80880767806,182,07784 Dorton Place,TH,5,7,4194559.0
ACM000000623,,754070797029,206,3 Russell Court,BG,3,4,755383.0
ACM000000625,Western Asset/Claymore U.S. Treasury Inflation Prot Secs Fd,921022714217,74,50 Burning Wood Place,VL,6,6,2489287.0
ACM000000626,,206675364016,88,8895 Valley Edge Way,FS,5,18,4335020.0
ACM000000628,,684509656708,432,8 Buell Court,CD,1,17,1331529.0
ACM000000629,,121671582222,661,38912 Twin Pines Place,PH,1,19,4534461.0
ACM000000631,Barington/Hilco Acquisition Corp.,710862357397,355,844 Hoffman Plaza,FS,4,20,3033175.0
ACM000000632,,280705584909,393,8367 Hallows Terrace,PH,1,4,2886665.0
ACM000000633,Consolidated Edison Inc,941497379789,251,11 Division Alley,TH,6,2,847360.0
ACM000000634,"Unity Bancorp, Inc.",141046291814,524,537 Hollow Ridge Pass,BG,2,2,482083.0
ACM000000635,,729449815609,52,241 Grover Circle,BG,6,17,2634885.0
ACM000000638,,49459026465,556,6313 Hooker Parkway,RS,6,15,4426245.0
ACM000000640,,316051168560,384,89 Atwood Plaza,TH,2,15,3682370.0
ACM000000641,"Energy Focus, Inc.",882975186975,613,051 Parkside Plaza,VL,4,6,829216.0
ACM000000642,"Allied Healthcare Products, Inc.",431735303098,503,2855 Barnett Terrace,BG,4,11,941685.0
ACM000000643,Teekay Offshore Partners L.P.,866806093967,617,0 Almo Junction,DP,3,5,4630893.0
ACM000000644,"LifePoint Health, Inc.",766456978404,469,213 Red Cloud Drive,HS,6,13,2785410.0
ACM000000645,Jabil Inc.,31557385468,680,0219 Mccormick Junction,ST,1,18,2190575.0
ACM000000648,,101918855534,663,14473 Redwing Drive,TH,4,11,4336355.0
ACM000000649,Teekay Offshore Partners L.P.,152352758517,167,376 Morningstar Crossing,ST,1,3,274110.0
ACM000000650,First Trust Indxx Global Natural Resources Income ETF,395756151852,279,5 Maple Wood Circle,VL,4,6,3270087.0
ACM000000652,,37098606210,296,479 Charing Cross Avenue,DP,4,10,4575906.0
ACM000000654,,816606353511,472,87503 Oak Valley Court,TH,4,3,2042394.0
ACM000000657,,387104750590,390,894 Mallard Pass,BG,5,14,2845482.0
ACM000000659,MicroStrategy Incorporated,852018822289,443,09 Gale Court,FS,3,19,4491417.0
ACM000000662,,434916579525,691,221 Stephen Center,DP,6,7,3353335.0
ACM000000665,Cone Midstream Partners LP,254234622092,479,46302 Artisan Terrace,TH,5,8,1472453.0
ACM000000669,,747523786389,25,194 Leroy Plaza,BG,5,20,2043320.0
ACM000000670,,479280529685,88,51 Division Way,VL,4,7,4714898.0
ACM000000672,,817844161750,384,95628 Messerschmidt Circle,TH,5,18,3791317.0
ACM000000673,,180486863971,232,23057 Havey Avenue,PH,1,15,4683060.0
ACM000000674,,92815842555,294,62639 Pierstorff Drive,DP,2,4,2713631.0
ACM000000675,Ameris Bancorp,831221884589,172,88 Meadow Vale Hill,CD,1,4,4688688.0
ACM000000676,Easterly Acquisition Corp.,180126128092,435,06858 Kingsford Street,ST,1,13,738960.0
ACM000000678,Center Coast MLP & Infrastructure Fund,161576123044,658,350 Jana Avenue,FS,6,6,1256910.0
ACM000000679,Navient Corporation,387104750590,295,558 Meadow Vale Hill,CD,1,2,867009.0
ACM000000680,"Upland Software, Inc.",844337223887,165,884 Almo Hill,TH,4,18,2786900.0
ACM000000682,"New America High Income Fund, Inc. (The)",744434723871,469,4 Fairview Place,PH,1,5,1333216.0
ACM000000683,"SenesTech, Inc.",766059878520,618,071 Stone Corner Trail,HS,2,9,4227505.0
ACM000000684,"Global Water Resources, Inc.",996224821500,504,91 Kingsford Hill,RS,5,14,363066.0
ACM000000686,PowerShares S&P SmallCap Industrials Portfolio,792850816013,483,58 Maywood Avenue,BG,5,11,2291995.0
ACM000000687,"Pathfinder Bancorp, Inc.",823284309503,634,3 Gina Hill,BG,3,18,1656789.0
ACM000000689,,558449256617,218,6012 Menomonie Place,CD,1,11,483326.0
ACM000000690,,413559687781,558,0773 8th Alley,ST,1,14,664476.0
ACM000000691,,627381358441,679,28533 Hollow Ridge Park,ST,1,20,4109354.0
ACM000000694,Forward Air Corporation,893500141115,605,5 Merchant Pass,HS,2,15,4348105.0
ACM000000696,,851869216353,516,0533 Reinke Hill,BG,5,2,2652484.0
ACM000000697,,648413838689,252,3 Texas Junction,BG,6,14,2855723.0
ACM000000698,,351454072201,11,87505 Evergreen Park,HS,3,20,2191365.0
ACM000000704,RADA Electronic Industries Ltd.,743014643349,365,0 Declaration Court,PH,1,19,410612.0
ACM000000705,"DASAN Zhone Solutions, Inc.",948125063055,153,219 Heffernan Pass,CD,1,15,2750420.0
ACM000000706,,991640557574,191,6 Derek Drive,DP,4,11,2901664.0
ACM000000707,,868041976567,443,56790 Dryden Crossing,PH,1,12,1936990.0
ACM000000708,,811576967809,154,541 West Center,CD,1,3,1422105.0
ACM000000709,,529180022544,105,41 Jana Drive,DP,5,12,1234449.0
ACM000000713,,643941890539,695,3 Gulseth Crossing,ST,1,18,4859445.0
ACM000000714,Chesapeake Lodging Trust,917488416200,534,788 Oak Circle,VL,3,18,1135064.0
ACM000000715,"Cadence Design Systems, Inc.",100070578554,157,2619 Lillian Drive,ST,1,17,3297573.0
ACM000000719,PIMCO New York Municipal Income Fund III,137755440860,233,67502 Anzinger Pass,VL,3,7,3626371.0
ACM000000720,"Medical Properties Trust, Inc.",388772472924,109,4620 Oneill Pass,RS,2,3,226252.0
ACM000000723,"PulteGroup, Inc.",827918987177,26,799 Chinook Drive,ST,1,4,3637193.0
ACM000000724,,359220755795,589,14787 Mccormick Avenue,DP,6,17,3184499.0
ACM000000726,,434916579525,196,8 Dottie Street,VL,2,20,199080.0
ACM000000727,Jensyn Acquistion Corp.,399476908273,146,3458 Bonner Hill,ST,1,14,2418843.0
ACM000000728,,117139865085,409,56 Duke Junction,RS,6,8,4202684.0
ACM000000731,Nuveen Minnesota Quality Municipal Income Fund,467275938468,332,75514 Pearson Lane,PH,1,13,377081.0
ACM000000732,,692828980144,581,3 Farragut Pass,VL,6,4,1071208.0
ACM000000733,,602112092359,329,6 Westport Lane,RS,5,11,3972005.0
ACM000000734,"Spectrum Brands Holdings, Inc.",298337125134,379,6 Stone Corner Park,PH,1,7,2293279.0
ACM000000735,"NETGEAR, Inc.",745547724658,43,7447 Hanson Alley,PH,1,2,4637515.0
ACM000000736,,212619539862,492,891 Browning Road,CD,1,11,977099.0
ACM000000737,Royal Bank Scotland plc (The),724806738823,649,2 Superior Parkway,DP,5,5,1935022.0
ACM000000739,,204821558266,564,17318 Warner Center,VL,3,7,741083.0
ACM000000741,Qwest Corporation,43606517149,652,8182 Old Shore Trail,TH,5,10,2015582.0
ACM000000742,,240878363132,195,24 Hermina Trail,ST,1,5,2649518.0
ACM000000743,"Maui Land & Pineapple Company, Inc.",206675364016,129,1 Namekagon Junction,ST,1,6,2775277.0
ACM000000745,,467777682461,657,92042 Anderson Drive,CD,1,13,374185.0
ACM000000746,,359220755795,187,41786 Mcbride Street,VL,2,9,4801616.0
ACM000000750,"Craft Brew Alliance, Inc.",893500141115,81,28152 Clemons Terrace,TH,3,5,2748416.0
ACM000000751,Morgan Stanley,770040282953,379,3 Mcguire Street,CD,1,14,2975388.0
ACM000000755,,804944601318,77,3619 Coleman Parkway,HS,6,6,4068949.0
ACM000000757,,986683954318,461,92203 Muir Center,RS,5,8,3074749.0
ACM000000759,,617216598468,531,3 Golf View Crossing,VL,2,5,357740.0
ACM000000761,"Old Line Bancshares, Inc.",648413838689,641,6325 Haas Court,VL,3,13,3379400.0
ACM000000763,WisdomTree U.S. SmallCap Quality Dividend Growth Fund,970126331166,56,9866 Bayside Alley,TH,5,13,254669.0
ACM000000764,State Street Corporation,838781646358,72,39 Merrick Way,HS,3,2,4947469.0
ACM000000765,iShares 20+ Year Treasury Bond ETF,235169557406,663,47 3rd Court,RS,5,11,1736745.0
ACM000000766,"Prudential Financial, Inc.",36759137657,415,03 Starling Junction,PH,1,8,3088793.0
ACM000000767,,640357595102,63,15684 Trailsway Hill,CD,1,12,513082.0
ACM000000768,"GenVec, Inc.",909945523385,282,686 Becker Center,RS,3,19,3691196.0
ACM000000769,,724563027734,107,3 Paget Way,HS,2,7,2141703.0
ACM000000771,,692828980144,359,3 Briar Crest Trail,HS,2,13,1102207.0
ACM000000772,,929155631250,360,5 Emmet Avenue,FS,5,12,4480119.0
ACM000000774,Petroquest Energy Inc,852018822289,142,9118 Mitchell Alley,VL,4,7,353441.0
ACM000000776,Nomad Foods Limited,712892207359,541,1 Nancy Way,PH,1,12,2945787.0
ACM000000778,,970126331166,508,4 Maple Wood Plaza,CD,1,7,388501.0
ACM000000779,Eaton Vance Tax-Advantaged Global Dividend Income Fund,453062293557,394,952 Shasta Avenue,DP,6,5,2763678.0
ACM000000781,"Community First Bancshares, Inc.",284575790417,316,0396 Nevada Place,ST,1,10,820909.0
ACM000000782,"NeuroMetrix, Inc.",721955733456,416,775 Superior Terrace,DP,2,17,3063411.0
ACM000000783,,245252140052,404,50 Forest Street,RS,6,3,2911652.0
ACM000000784,,953409667656,591,50360 Alpine Road,HS,2,8,4072401.0
ACM000000788,PIMCO Dynamic Credit and Mortgage Income Fund,840502109758,374,3286 Sunnyside Circle,BG,4,2,394704.0
ACM000000789,,893491213652,148,03930 Hollow Ridge Junction,BG,4,17,2823953.0
ACM000000790,"CareDx, Inc.",747523786389,543,32 Chinook Crossing,DP,3,10,2212412.0
ACM000000793,,601289928207,301,11 Northview Terrace,CD,1,12,890507.0
ACM000000795,,199651729402,69,93872 Jenifer Way,HS,5,3,1978752.0
ACM000000796,BlackRock New Jersey Municipal Income Trust,455724076343,381,2059 Vera Parkway,DP,6,10,3899464.0
ACM000000797,"Sandy Spring Bancorp, Inc.",312088221600,537,37578 Southridge Circle,HS,2,8,4536122.0
ACM000000798,NF Energy Saving Corporation,431748159466,344,83853 Northland Trail,DP,6,5,2381385.0
ACM000000799,MPLX LP,601289928207,59,1 Scofield Avenue,DP,5,14,1698335.0
ACM000000800,"O'Reilly Automotive, Inc.",203798766158,470,849 Marcy Circle,ST,1,16,2451348.0
ACM000000803,,82791880774,180,0 Main Lane,HS,2,2,203356.0
ACM000000804,"MasTec, Inc.",435349209500,454,6 Florence Lane,VL,2,3,2231623.0
ACM000000806,,216029233692,680,4 Oneill Hill,HS,2,19,3662333.0
ACM000000808,"InnerWorkings, Inc.",948495375444,140,4 Farwell Street,RS,6,13,3168690.0
ACM000000809,,204632193155,232,94 Duke Drive,CD,1,4,3814670.0
ACM000000810,,856273683959,596,455 North Terrace,RS,2,14,3568907.0
ACM000000811,,389069063540,363,821 Vera Plaza,DP,5,6,3702733.0
ACM000000812,,800230629402,671,25 Elmside Plaza,VL,4,8,3376801.0
ACM000000813,,131700743342,52,8250 Clemons Park,BG,6,13,292602.0
ACM000000814,"Buckle, Inc. (The)",99211552219,98,5 Larry Avenue,RS,4,9,1171077.0
ACM000000815,"Himax Technologies, Inc.",627968767512,512,75123 Grover Alley,VL,4,9,2933275.0
ACM000000817,,620339088997,358,0842 Del Sol Drive,DP,4,11,3124178.0
ACM000000818,,916816223278,680,9703 Holmberg Trail,ST,1,15,2422583.0
ACM000000819,,693797322705,439,37 Gale Center,BG,3,18,3103866.0
ACM000000820,Psychemedics Corporation,177241122489,418,1886 Morning Road,DP,4,13,3279080.0
ACM000000822,Akers Biosciences Inc,750390006637,104,8110 Holy Cross Pass,CD,1,4,2738551.0
ACM000000824,"Dorchester Minerals, L.P.",941497379789,585,5370 Buhler Road,HS,4,20,4197245.0
ACM000000825,,872100963350,230,6373 Elka Court,FS,6,19,2949611.0
ACM000000830,,617216598468,511,67 Becker Terrace,HS,4,8,2295463.0
ACM000000832,,54471860007,181,0767 5th Way,VL,6,10,1982269.0
ACM000000833,,449945889655,412,447 Mcguire Street,VL,2,4,213030.0
ACM000000834,Moog Inc.,161576123044,109,4276 Nelson Circle,RS,3,17,3713134.0
ACM000000835,,566704743642,257,78419 Crowley Avenue,HS,5,14,1799802.0
ACM000000836,,271337445089,666,410 Northview Circle,ST,1,2,3186288.0
ACM000000837,KT Corporation,37098606210,370,5187 Harper Avenue,CD,1,2,4571730.0
ACM000000839,,74980008914,513,006 Kinsman Terrace,FS,4,9,4547615.0
ACM000000841,,777816879361,94,02971 Dahle Plaza,PH,1,15,4213888.0
ACM000000842,,310289615665,536,30 Blackbird Plaza,HS,6,19,4141100.0
ACM000000843,,804499045511,586,97 Claremont Alley,VL,3,8,4779877.0
ACM000000844,,382443607209,69,13362 Redwing Drive,CD,1,19,2867086.0
ACM000000845,,242939853842,68,6644 Swallow Junction,TH,4,10,782447.0
ACM000000848,"Aberdeen Japan Equity Fund, Inc. ",994791765275,499,85656 Esch Point,CD,1,15,3972264.0
ACM000000854,Ashford Hospitality Trust Inc,241234126583,173,70846 Evergreen Circle,FS,2,5,447567.0
ACM000000855,,181858302531,137,1201 Kinsman Crossing,ST,1,12,3994114.0
ACM000000857,First Trust Municipal CEF Income Opportunity ETF,529180022544,259,402 Dayton Junction,FS,2,2,3357115.0
ACM000000859,,177241122489,398,5279 Helena Place,BG,2,17,4062385.0
ACM000000860,Gabelli Global Small and Mid Cap Value Trust (The),596492237134,142,8 Heffernan Crossing,BG,2,7,1613674.0
ACM000000861,,989528104631,639,49 Ronald Regan Plaza,FS,2,18,3494825.0
ACM000000863,PowerShares S&P SmallCap Industrials Portfolio,579179985591,473,05901 Upham Place,CD,1,7,4583412.0
ACM000000865,InfoSonics Corp,603750489997,81,890 Kedzie Pass,DP,5,7,330199.0
ACM000000867,,660666053520,228,43101 Sherman Hill,CD,1,10,3714218.0
ACM000000868,,848778730129,236,38 Maple Way,PH,1,10,4497377.0
ACM000000870,,300156163213,179,8 Cody Avenue,RS,5,3,542215.0
ACM000000871,,467777682461,126,8174 Blue Bill Park Way,TH,3,14,2320632.0
ACM000000872,Weight Watchers International Inc,665696905954,108,3601 Waywood Way,RS,4,8,1760543.0
ACM000000874,Scorpio Tankers Inc.,339780519528,562,4752 Shasta Plaza,CD,1,17,4019016.0
ACM000000876,,643783766733,79,65319 Sunnyside Terrace,BG,5,10,2036664.0
ACM000000877,,80121808109,493,482 Chive Point,PH,1,9,1118856.0
ACM000000879,,469852394981,544,19 Delladonna Road,RS,3,11,3953076.0
ACM000000880,,804944601318,149,1 Red Cloud Lane,RS,3,10,4324107.0
ACM000000881,National General Holdings Corp,716794025890,496,2 Fallview Center,TH,2,16,1716938.0
ACM000000882,"Quality Care Properties, Inc.",876278889165,336,337 Grover Plaza,CD,1,20,4340141.0
ACM000000884,,909945523385,565,09 Lotheville Alley,VL,3,15,3973051.0
ACM000000886,,127877677541,695,45 Fallview Point,VL,6,19,623994.0
ACM000000890,,993600267748,41,804 Bellgrove Drive,FS,5,3,4010310.0
ACM000000893,,418799120335,526,5821 Emmet Plaza,PH,1,15,2667543.0
ACM000000894,,662809193554,451,0 Pearson Plaza,BG,6,16,159890.0
ACM000000896,,754070797029,414,99347 Moland Street,VL,3,20,3674086.0
ACM000000897,The Charles Schwab Corporation,655957430115,401,23102 Menomonie Junction,CD,1,9,2545959.0
ACM000000898,CF Corporation,289276262197,151,3467 Logan Alley,PH,1,17,3834407.0
ACM000000901,Vanguard Long-Term Government Bond ETF,93746599561,554,856 Forest Run Parkway,DP,4,18,1924668.0
ACM000000902,,760535390822,504,5025 Continental Way,FS,3,18,150330.0
ACM000000903,,759131901132,483,979 Steensland Place,DP,2,18,902163.0
ACM000000908,"Snyder's-Lance, Inc.",690339623084,165,0 Novick Drive,CD,1,8,2371040.0
ACM000000910,Ryanair Holdings plc,692395547940,180,7 Old Shore Road,ST,1,18,2408931.0
ACM000000911,TransCanada Corporation,172899871472,380,8 Fremont Alley,CD,1,8,1603531.0
ACM000000912,Vornado Realty Trust,765519043036,372,4851 Morningstar Terrace,HS,5,13,2649462.0
ACM000000914,ClearBridge All Cap Growth ETF,724563027734,589,8883 Bayside Hill,DP,3,3,4093447.0
ACM000000915,Bank of the Ozarks,428690549976,27,9 Monica Drive,CD,1,8,1979173.0
ACM000000916,,263154374313,266,187 Mandrake Crossing,RS,4,10,4573674.0
ACM000000917,"Mettler-Toledo International, Inc.",364340037804,546,34 Delladonna Plaza,RS,5,5,1675118.0
ACM000000918,"Hercules Capital, Inc.",796390528556,256,202 Tennyson Avenue,FS,2,9,638098.0
ACM000000919,,54471860007,315,86533 Heffernan Crossing,VL,6,17,2936987.0
ACM000000920,Belmond Ltd.,293136334861,238,1 Bellgrove Terrace,RS,5,14,2957506.0
ACM000000921,Unifirst Corporation,332228260704,81,7535 Dayton Crossing,PH,1,18,4708101.0
ACM000000923,,172273639500,486,823 Walton Crossing,FS,5,10,2153587.0
ACM000000924,,435279241488,519,104 Springs Place,HS,4,4,4606364.0
ACM000000925,Federal Agricultural Mortgage Corporation,381995153519,342,22 East Place,HS,4,6,3560742.0
ACM000000927,"Miragen Therapeutics, Inc.",773734046140,302,82 Utah Circle,TH,5,13,1901841.0
ACM000000928,"Urban One, Inc. ",289276262197,644,028 School Crossing,FS,6,16,4853545.0
ACM000000929,Citigroup Inc.,695103031147,334,32 Merry Way,BG,6,13,1124633.0
ACM000000931,Brixmor Property Group Inc.,737645629,78,0841 Waubesa Park,RS,4,18,677540.0
ACM000000933,"OpGen, Inc.",877207064106,455,3036 Welch Junction,BG,2,5,3723198.0
ACM000000934,,692395547940,619,604 Monica Way,HS,6,6,1727031.0
ACM000000935,"NII Holdings, Inc.",740356075827,650,81710 Kenwood Plaza,DP,5,2,3145408.0
ACM000000939,"1347 Property Insurance Holdings, Inc.",480763474013,348,1 Stuart Trail,TH,2,12,2833225.0
ACM000000940,,845983406259,464,8983 Continental Center,PH,1,7,1789721.0
ACM000000941,,438749468006,447,9568 Northport Avenue,BG,5,8,4473650.0
ACM000000942,,927077812693,394,40 Pearson Crossing,VL,2,14,3831023.0
ACM000000943,,389069063540,142,680 Kensington Parkway,DP,4,14,4480814.0
ACM000000944,,438749468006,667,54631 Loeprich Circle,TH,5,13,964199.0
ACM000000946,,775184776002,583,926 Westport Lane,CD,1,13,4957250.0
ACM000000949,,621816645014,164,7 Claremont Crossing,TH,6,13,731114.0
ACM000000950,,990425584658,447,893 Center Street,VL,5,7,4842044.0
ACM000000951,,476634065832,633,8379 Magdeline Circle,FS,2,4,2106616.0
ACM000000952,NASDAQ TEST STOCK,701061236429,527,315 Comanche Junction,TH,4,5,1403661.0
ACM000000953,,643941890539,345,167 Scoville Point,ST,1,11,2598431.0
ACM000000954,,627381358441,269,64 Pine View Way,HS,2,14,774400.0
ACM000000955,,138859261075,264,2920 Arizona Avenue,PH,1,20,2788123.0
ACM000000956,,364132480464,238,39 Hooker Terrace,HS,5,18,4553681.0
ACM000000959,"ILG, Inc",694335562702,291,8404 Havey Drive,DP,4,9,3669070.0
ACM000000960,,435349209500,353,85616 Carpenter Alley,BG,2,9,4834428.0
ACM000000961,,851869216353,525,48946 Barby Road,DP,5,14,4786753.0
ACM000000962,Korea Electric Power Corporation,30600733024,335,33218 Myrtle Pass,PH,1,13,2779463.0
ACM000000963,,909945523385,479,6 Merrick Alley,HS,2,19,1934342.0
ACM000000964,"Plantronics, Inc.",787869996090,195,82222 Merrick Lane,DP,2,8,1460708.0
ACM000000965,,332811653345,179,402 Aberg Crossing,CD,1,14,1490076.0
ACM000000966,Central Garden & Pet Company,241234126583,123,5 Aberg Circle,DP,2,9,4241900.0
ACM000000968,,493958041053,437,9549 Declaration Court,VL,2,8,1756983.0
ACM000000969,,114529913063,401,1 Loftsgordon Alley,HS,4,8,1397455.0
ACM000000971,Nuveen Municipal Credit Income Fund,601289928207,19,96994 Riverside Trail,HS,3,20,3699514.0
ACM000000972,"Enzo Biochem, Inc.",206675364016,218,3187 Talmadge Trail,BG,4,14,3370122.0
ACM000000973,,804499045511,278,9 Portage Court,FS,3,5,2119941.0
ACM000000975,"Digital Ally, Inc.",49459026465,611,97 Vernon Avenue,CD,1,7,1611644.0
ACM000000976,,439583680413,150,055 Summit Alley,DP,5,17,3425160.0
ACM000000977,"Chipotle Mexican Grill, Inc.",517353390445,438,90453 Tennyson Center,BG,6,10,2943388.0
ACM000000979,"Intermolecular, Inc.",171589292240,272,0307 Petterle Center,TH,6,11,1867217.0
ACM000000982,Biglari Holdings Inc.,728812628777,277,48395 Arkansas Trail,CD,1,8,1003361.0
ACM000000983,W.R. Berkley Corporation,989528104631,67,6 Everett Drive,BG,3,16,830679.0
ACM000000985,Brookfield Canada Office Properties,9562349305,318,33897 Ludington Court,ST,1,2,2449008.0
ACM000000986,Frank's International N.V.,479280529685,543,74658 Stoughton Pass,FS,4,5,4767649.0
ACM000000988,"HomeStreet, Inc.",814133709339,103,952 Bluestem Trail,BG,3,5,543392.0
ACM000000990,On Track Innovations Ltd,962038058723,294,6 Eliot Terrace,CD,1,9,1212593.0
ACM000000991,The AES Corporation,78444695343,632,07016 North Avenue,VL,4,18,1916132.0
ACM000000992,,367005392427,550,2528 Golf Point,PH,1,15,3900111.0
ACM000000993,"Delek US Holdings, Inc.",772170168885,535,41 Springs Avenue,TH,3,8,4789690.0
ACM000000995,,64178108609,518,6348 Barnett Junction,RS,3,8,1928130.0
ACM000000997,The Organics ETF,942243840689,142,0 Graedel Avenue,HS,3,5,3804540.0
ACM000000998,,479280529685,162,2 Johnson Way,DP,3,15,4554518.0
ACM000000999,,949632332937,97,25 Caliangt Parkway,RS,2,11,422054.0
ACM000001000,,998582068334,652,48914 Mosinee Place,TH,5,14,2392512.0
