BookingID,GuestIDCardNumber,AccommodationID,ReservedCheckInTime,CheckInTime,CheckOutTime,VCCode,DateTimeCancel
BKG000000006,350499621247,ACM000000808,2021-10-15 01:00:00,2021-10-15 01:09:50,2021-10-18 01:09:50,,
BKG000000007,768649514024,ACM000000507,2021-09-19 15:00:00,2021-09-19 15:09:55,2021-09-24 15:09:55,,
BKG000000008,659713618314,ACM000000411,2022-01-12 03:00:00,2022-01-12 02:44:51,2022-01-19 02:44:51,A8D6WW4PVU,
BKG000000010,54939490172,ACM000000867,2021-11-04 02:00:00,2021-11-04 01:46:04,2021-11-05 01:46:04,,
BKG000000015,921897441160,ACM000000800,2021-01-23 21:00:00,2021-01-23 20:54:54,2021-01-30 20:54:54,,
BKG000000017,962848040821,ACM000000918,2021-04-29 07:00:00,2021-04-29 06:40:54,2021-05-03 06:40:54,,
BKG000000018,92275493875,ACM000000494,2021-08-04 01:00:00,2021-08-04 00:40:34,2021-08-09 00:40:34,,
BKG000000019,33046123382,ACM000000623,2022-12-05 19:00:00,2022-12-05 18:37:13,2022-12-06 18:37:13,JEO6OE0K06,
BKG000000021,183870969007,ACM000000142,2021-04-19 02:00:00,2021-04-19 01:39:53,2021-04-23 01:39:53,JFIIOD0MK2,
BKG000000024,377377827939,ACM000000182,2021-06-01 00:00:00,2021-05-31 23:53:57,2021-06-06 23:53:57,7SAEPB89KD,
BKG000000027,434243459569,ACM000000608,2021-02-04 21:00:00,2021-02-04 21:18:14,2021-02-05 21:18:14,,
BKG000000029,966774485751,ACM000000833,2022-03-25 16:00:00,2022-03-25 15:42:53,2022-03-31 15:42:53,RW4EAF5H2X,
BKG000000032,513696442639,ACM000000399,2022-11-09 00:00:00,2022-11-08 23:59:55,2022-11-11 23:59:55,DMIXX0SLVT,
BKG000000033,220372018447,ACM000000067,2021-03-09 08:00:00,2021-03-09 07:40:03,2021-03-12 07:40:03,,
BKG000000037,961533477778,ACM000000419,2022-11-04 12:00:00,2022-11-04 11:59:15,2022-11-08 11:59:15,,
BKG000000038,659662162076,ACM000000152,2021-08-11 09:00:00,,,,2021-08-02 09:07:26
BKG000000040,642821455381,ACM000000408,2021-07-04 18:00:00,2021-07-04 18:16:24,2021-07-11 18:16:24,,
BKG000000043,229896911700,ACM000000600,2022-03-22 10:00:00,2022-03-22 09:39:08,2022-03-26 09:39:08,,
BKG000000046,730232926532,ACM000000178,2021-08-14 09:00:00,2021-08-14 08:53:08,2021-08-20 08:53:08,JKGCVDDC44,
BKG000000049,638383653612,ACM000000903,2022-02-28 19:00:00,2022-02-28 19:09:12,2022-03-06 19:09:12,,
BKG000000050,813890886058,ACM000000842,2022-01-10 20:00:00,2022-01-10 19:30:18,2022-01-12 19:30:18,,
BKG000000051,909009395031,ACM000000155,2021-02-16 12:00:00,2021-02-16 11:57:00,2021-02-18 11:57:00,,
BKG000000054,189402509102,ACM000000350,2021-10-01 01:00:00,2021-10-01 00:47:52,2021-10-04 00:47:52,,
BKG000000057,611678162273,ACM000000482,2022-01-02 19:00:00,2022-01-02 19:29:15,2022-01-04 19:29:15,K8F6283V05,
BKG000000060,941542594856,ACM000000285,2021-08-22 11:00:00,2021-08-22 10:39:04,2021-08-28 10:39:04,WEX6FF2RJT,
BKG000000072,295270757136,ACM000000881,2021-06-03 19:00:00,2021-06-03 19:08:10,2021-06-09 19:08:10,,
BKG000000076,400013959392,ACM000000876,2022-08-23 08:00:00,2022-08-23 07:46:17,2022-08-29 07:46:17,,
BKG000000081,381323314146,ACM000000071,2021-06-21 19:00:00,2021-06-21 18:32:55,2021-06-28 18:32:55,,
BKG000000083,155129505824,ACM000000824,2021-07-28 08:00:00,2021-07-28 08:23:09,2021-07-30 08:23:09,MVE0JB6I4Z,
BKG000000084,897970989468,ACM000000999,2022-05-09 19:00:00,,,TWP28T2AXZ,2022-05-06 18:43:15
BKG000000086,925859673082,ACM000000005,2021-05-06 22:00:00,2021-05-06 22:04:52,2021-05-07 22:04:52,,
BKG000000088,238739188216,ACM000000178,2022-09-30 21:00:00,2022-09-30 21:14:24,2022-10-07 21:14:24,,
BKG000000089,610839678588,ACM000000917,2022-03-08 02:00:00,2022-03-08 02:25:47,2022-03-09 02:25:47,9UV5G4EL6B,
BKG000000091,657775644522,ACM000000475,2021-04-06 23:00:00,2021-04-06 23:06:02,2021-04-08 23:06:02,,
BKG000000092,401712968439,ACM000000959,2022-04-23 16:00:00,2022-04-23 15:34:22,2022-04-27 15:34:22,,
BKG000000093,24298610926,ACM000000992,2021-02-10 05:00:00,2021-02-10 05:14:40,2021-02-14 05:14:40,,
BKG000000096,629765614989,ACM000000260,2022-11-01 03:00:00,2022-11-01 02:44:05,2022-11-06 02:44:05,,
BKG000000098,498644631137,ACM000000201,2022-07-16 16:00:00,2022-07-16 16:05:12,2022-07-22 16:05:12,WEBWY81RGC,
BKG000000100,797600339977,ACM000000308,2022-03-04 08:00:00,2022-03-04 08:19:29,2022-03-08 08:19:29,,
BKG000000104,683835551551,ACM000000398,2021-09-10 22:00:00,2021-09-10 22:04:24,2021-09-14 22:04:24,,
BKG000000105,437150018557,ACM000000170,2022-01-04 07:00:00,2022-01-04 07:19:52,2022-01-09 07:19:52,,
BKG000000107,442877628103,ACM000000928,2022-03-24 20:00:00,,,GQNI689H9U,2022-03-21 20:16:58
BKG000000109,22488221556,ACM000000783,2021-02-08 05:00:00,2021-02-08 04:58:20,2021-02-11 04:58:20,,
BKG000000110,285451491039,ACM000000662,2021-05-18 23:00:00,2021-05-18 22:55:00,2021-05-23 22:55:00,P2DJ2OSOHO,
BKG000000111,287137165168,ACM000000166,2022-04-04 09:00:00,,,,2022-03-26 08:47:08
BKG000000114,993192907432,ACM000000345,2022-08-29 15:00:00,2022-08-29 14:47:11,2022-08-30 14:47:11,,
BKG000000116,638188837730,ACM000000163,2021-12-02 03:00:00,,,,2021-11-24 02:43:27
BKG000000118,22488221556,ACM000000879,2022-07-26 16:00:00,2022-07-26 15:41:02,2022-08-02 15:41:02,,
BKG000000119,273064703188,ACM000000048,2021-04-13 21:00:00,2021-04-13 20:45:32,2021-04-17 20:45:32,,
BKG000000121,217247405664,ACM000000460,2022-10-28 22:00:00,,,XVI2AIM427,2022-10-28 21:37:41
BKG000000123,888772620285,ACM000000072,2022-07-30 07:00:00,2022-07-30 07:03:05,2022-07-31 07:03:05,WHY8PDMEQE,
BKG000000125,358162844523,ACM000000583,2021-05-14 16:00:00,2021-05-14 16:02:00,2021-05-21 16:02:00,,
BKG000000128,603598194576,ACM000000782,2021-01-26 00:00:00,2021-01-26 00:24:21,2021-01-31 00:24:21,,
BKG000000130,14314548443,ACM000000874,2021-06-24 18:00:00,,,JEYRG3SHL1,2021-06-21 18:09:28
BKG000000132,157838770911,ACM000000963,2022-12-05 03:00:00,2022-12-05 02:40:25,2022-12-10 02:40:25,,
BKG000000137,695778614033,ACM000000116,2021-11-25 23:00:00,2021-11-25 23:20:18,2021-11-28 23:20:18,,
BKG000000138,923905925963,ACM000000583,2021-08-17 01:00:00,2021-08-17 01:29:19,2021-08-20 01:29:19,,
BKG000000139,550006947498,ACM000000727,2021-01-08 21:00:00,,,,2021-01-08 21:25:56
BKG000000142,478428375568,ACM000000843,2022-04-16 03:00:00,2022-04-16 02:34:30,2022-04-17 02:34:30,O880T6A37D,
BKG000000143,240777092335,ACM000000413,2022-06-30 19:00:00,2022-06-30 19:12:23,2022-07-05 19:12:23,,
BKG000000151,610330501695,ACM000000545,2021-03-14 18:00:00,2021-03-14 18:04:50,2021-03-18 18:04:50,,
BKG000000160,631099807906,ACM000000790,2022-01-24 20:00:00,2022-01-24 19:59:40,2022-01-28 19:59:40,,
BKG000000161,143388297600,ACM000000949,2022-04-02 17:00:00,2022-04-02 16:34:34,2022-04-04 16:34:34,,
BKG000000164,398889857720,ACM000000964,2022-07-02 14:00:00,2022-07-02 13:49:50,2022-07-05 13:49:50,PILLHNQTH7,
BKG000000169,500130563497,ACM000000012,2022-05-04 14:00:00,,,CFL32CFF6M,2022-04-29 13:33:47
BKG000000170,628132635417,ACM000000176,2021-10-08 03:00:00,,,V31BE9459A,2021-10-01 03:22:59
BKG000000171,644691167448,ACM000000993,2022-11-28 10:00:00,2022-11-28 09:52:30,2022-12-05 09:52:30,,
BKG000000172,889878239628,ACM000000812,2021-12-29 12:00:00,2021-12-29 12:10:49,2021-12-31 12:10:49,RXXLVJ8EKJ,
BKG000000173,677843107451,ACM000000882,2022-11-16 07:00:00,2022-11-16 06:43:21,2022-11-21 06:43:21,,
BKG000000174,909009395031,ACM000000063,2022-04-12 15:00:00,2022-04-12 14:40:15,2022-04-16 14:40:15,MIKIXC51Y8,
BKG000000175,227359156684,ACM000000522,2022-06-02 09:00:00,2022-06-02 08:50:51,2022-06-03 08:50:51,,
BKG000000178,521170599327,ACM000000197,2022-06-18 14:00:00,2022-06-18 13:36:02,2022-06-21 13:36:02,,
BKG000000179,66050617632,ACM000000841,2021-08-17 17:00:00,2021-08-17 16:56:05,2021-08-18 16:56:05,,
BKG000000181,730232926532,ACM000000604,2022-10-02 23:00:00,2022-10-02 22:31:16,2022-10-08 22:31:16,W1EA0JB6HD,
BKG000000185,879350698788,ACM000000557,2021-07-05 15:00:00,2021-07-05 15:06:55,2021-07-06 15:06:55,,
BKG000000187,93175108225,ACM000000362,2021-06-25 09:00:00,,,,2021-06-16 09:10:36
BKG000000190,739421445653,ACM000000450,2021-07-12 00:00:00,2021-07-12 00:20:31,2021-07-19 00:20:31,UIGAX833GZ,
BKG000000191,874940942062,ACM000000497,2021-02-15 23:00:00,2021-02-15 23:11:29,2021-02-22 23:11:29,,
BKG000000192,373441638943,ACM000000179,2022-08-16 23:00:00,2022-08-16 23:21:14,2022-08-19 23:21:14,TY4K27YKJD,
BKG000000195,452414414694,ACM000000956,2021-05-24 04:00:00,,,,2021-05-21 03:35:14
BKG000000198,957470900443,ACM000000466,2022-05-30 06:00:00,2022-05-30 06:23:56,2022-06-03 06:23:56,,
BKG000000199,291853891796,ACM000000652,2021-10-11 09:00:00,2021-10-11 09:10:39,2021-10-16 09:10:39,,
BKG000000200,993192907432,ACM000000077,2021-12-05 15:00:00,2021-12-05 15:03:22,2021-12-07 15:03:22,,
BKG000000202,985650004111,ACM000000803,2021-02-21 15:00:00,2021-02-21 15:28:23,2021-02-22 15:28:23,,
BKG000000204,341625502953,ACM000000328,2022-03-06 07:00:00,,,B3G96ZDGAE,2022-03-04 06:40:12
BKG000000205,530843524644,ACM000000610,2022-06-16 15:00:00,2022-06-16 15:07:31,2022-06-18 15:07:31,,
BKG000000207,119071605011,ACM000000177,2021-10-27 12:00:00,2021-10-27 11:44:10,2021-11-03 11:44:10,BJD95Q68VO,
BKG000000212,248898346497,ACM000000746,2021-05-17 05:00:00,2021-05-17 04:45:19,2021-05-20 04:45:19,,
BKG000000213,899424741667,ACM000000001,2022-02-16 13:00:00,2022-02-16 12:40:14,2022-02-23 12:40:14,JDYB2GF3T8,
BKG000000221,180718328673,ACM000000363,2021-04-27 00:00:00,2021-04-26 23:41:41,2021-04-27 23:41:41,SIBJGMFE6U,
BKG000000225,909009395031,ACM000000546,2022-03-20 01:00:00,2022-03-20 00:32:06,2022-03-24 00:32:06,VA097ZRCDM,
BKG000000228,954545369109,ACM000000679,2022-12-03 20:00:00,,,,2022-11-27 19:35:02
BKG000000229,702312670197,ACM000000102,2022-06-06 03:00:00,2022-06-06 03:24:29,2022-06-13 03:24:29,AT8OFDW41D,
BKG000000233,54641483041,ACM000000648,2022-08-02 05:00:00,,,,2022-07-30 04:31:40
BKG000000234,352782807920,ACM000000746,2022-07-26 19:00:00,2022-07-26 18:39:37,2022-07-27 18:39:37,N0GYROPN9W,
BKG000000235,65692597611,ACM000000135,2022-05-18 10:00:00,,,UKPO241SN1,2022-05-11 09:41:47
BKG000000236,348740173645,ACM000000308,2021-02-08 08:00:00,2021-02-08 08:08:15,2021-02-11 08:08:15,,
BKG000000239,111315654872,ACM000000245,2022-03-22 06:00:00,2022-03-22 05:55:58,2022-03-29 05:55:58,,
BKG000000241,946822656227,ACM000000779,2021-08-27 20:00:00,2021-08-27 19:31:10,2021-08-31 19:31:10,,
BKG000000244,399492383130,ACM000000569,2022-05-08 09:00:00,2022-05-08 09:23:05,2022-05-09 09:23:05,,
BKG000000245,644691167448,ACM000000070,2022-10-25 19:00:00,2022-10-25 19:08:36,2022-10-26 19:08:36,IPHDZ8X31R,
BKG000000247,242052982371,ACM000000244,2021-08-24 13:00:00,2021-08-24 13:02:59,2021-08-28 13:02:59,,
BKG000000252,455181556832,ACM000000004,2021-04-04 02:00:00,,,DZ25A7M38U,2021-03-28 02:20:06
BKG000000254,277092953032,ACM000000408,2021-01-17 19:00:00,2021-01-17 18:50:28,2021-01-24 18:50:28,,
BKG000000255,993192907432,ACM000000689,2021-05-20 23:00:00,2021-05-20 23:28:34,2021-05-24 23:28:34,,
BKG000000257,939745241543,ACM000000902,2021-12-19 23:00:00,2021-12-19 22:38:42,2021-12-25 22:38:42,,
BKG000000258,227359156684,ACM000000972,2022-05-17 16:00:00,2022-05-17 16:13:05,2022-05-19 16:13:05,BAXP51HDD3,
BKG000000259,622431554096,ACM000000502,2022-07-06 17:00:00,2022-07-06 17:12:28,2022-07-09 17:12:28,,
BKG000000260,851387404799,ACM000000029,2022-04-01 06:00:00,2022-04-01 05:40:49,2022-04-06 05:40:49,FS1Z0NBOOB,
BKG000000261,180718328673,ACM000000189,2022-11-24 02:00:00,2022-11-24 02:18:32,2022-11-30 02:18:32,,
BKG000000262,89975476824,ACM000000511,2022-06-09 00:00:00,2022-06-09 00:07:56,2022-06-11 00:07:56,,
BKG000000275,12040595203,ACM000000706,2021-02-23 18:00:00,2021-02-23 18:08:33,2021-02-25 18:08:33,,
BKG000000276,878735979765,ACM000000012,2022-11-25 09:00:00,2022-11-25 09:03:15,2022-11-29 09:03:15,,
BKG000000278,193706033145,ACM000000783,2022-08-27 08:00:00,2022-08-27 08:20:18,2022-09-01 08:20:18,,
BKG000000281,659662162076,ACM000000385,2021-01-18 04:00:00,2021-01-18 04:25:47,2021-01-25 04:25:47,,
BKG000000285,92275493875,ACM000000602,2022-04-26 12:00:00,2022-04-26 11:45:37,2022-04-28 11:45:37,V31BE9459A,
BKG000000286,638188837730,ACM000000518,2021-03-11 16:00:00,2021-03-11 16:21:50,2021-03-15 16:21:50,0BL6XY2DTP,
BKG000000287,242052982371,ACM000000507,2022-04-29 01:00:00,,,,2022-04-23 01:08:25
BKG000000290,975742007815,ACM000000142,2021-02-22 10:00:00,2021-02-22 10:24:04,2021-02-28 10:24:04,,
BKG000000294,487717447966,ACM000000121,2022-08-16 03:00:00,2022-08-16 02:43:44,2022-08-22 02:43:44,H84WJUUG9W,
BKG000000296,69187462471,ACM000000602,2022-01-03 17:00:00,2022-01-03 17:29:59,2022-01-10 17:29:59,,
BKG000000297,528480288982,ACM000000914,2021-05-30 10:00:00,2021-05-30 10:19:17,2021-06-02 10:19:17,F5MKY73B7P,
BKG000000303,792212122430,ACM000000581,2022-03-07 17:00:00,2022-03-07 16:46:12,2022-03-14 16:46:12,,
BKG000000305,534946414166,ACM000000986,2021-07-06 15:00:00,2021-07-06 15:17:27,2021-07-12 15:17:27,130701OHA5,
BKG000000307,657775644522,ACM000000859,2021-12-27 10:00:00,2021-12-27 10:07:38,2022-01-03 10:07:38,,
BKG000000312,653809577245,ACM000000232,2021-03-23 17:00:00,2021-03-23 16:32:31,2021-03-26 16:32:31,,
BKG000000313,669117457763,ACM000000005,2021-03-11 14:00:00,,,,2021-03-05 14:22:52
BKG000000314,621284307356,ACM000000092,2021-07-10 18:00:00,2021-07-10 18:20:51,2021-07-15 18:20:51,,
BKG000000320,534946414166,ACM000000193,2021-09-14 06:00:00,2021-09-14 05:52:12,2021-09-16 05:52:12,,
BKG000000321,680133238292,ACM000000736,2022-11-30 01:00:00,2022-11-30 00:31:29,2022-12-05 00:31:29,,
BKG000000322,478428375568,ACM000000632,2021-09-17 08:00:00,,,3RNQAX8F4D,2021-09-17 08:15:15
BKG000000323,959818536105,ACM000000098,2021-08-07 22:00:00,2021-08-07 21:58:52,2021-08-12 21:58:52,,
BKG000000324,578716233163,ACM000000918,2022-04-29 14:00:00,2022-04-29 14:23:17,2022-05-06 14:23:17,4VW57Y1I9M,
BKG000000328,729181151587,ACM000000069,2021-03-22 23:00:00,2021-03-22 23:02:53,2021-03-25 23:02:53,Q2TDDZXAX1,
BKG000000329,761992414414,ACM000000364,2021-01-11 03:00:00,2021-01-11 02:53:51,2021-01-12 02:53:51,,
BKG000000330,690714655257,ACM000000340,2021-04-17 14:00:00,,,,2021-04-16 14:11:05
BKG000000331,419082124988,ACM000000513,2022-06-18 21:00:00,2022-06-18 20:48:53,2022-06-20 20:48:53,15TN7PDTZ7,
BKG000000332,644308321823,ACM000000403,2021-04-13 23:00:00,2021-04-13 23:15:15,2021-04-16 23:15:15,,
BKG000000338,703632164995,ACM000000789,2022-07-28 22:00:00,2022-07-28 22:25:08,2022-07-29 22:25:08,,
BKG000000339,266046069899,ACM000000585,2022-01-31 07:00:00,2022-01-31 06:52:59,2022-02-04 06:52:59,KV28C3ATWR,
BKG000000343,941542594856,ACM000000594,2021-11-26 18:00:00,2021-11-26 18:13:18,2021-11-28 18:13:18,,
BKG000000344,586530243910,ACM000000270,2022-10-18 05:00:00,2022-10-18 04:42:49,2022-10-24 04:42:49,,
BKG000000350,966663086522,ACM000000254,2021-03-01 17:00:00,2021-03-01 17:17:45,2021-03-08 17:17:45,,
BKG000000354,928640873361,ACM000000234,2021-08-23 16:00:00,2021-08-23 16:00:47,2021-08-28 16:00:47,,
BKG000000355,330085821178,ACM000000360,2021-10-04 11:00:00,2021-10-04 11:01:16,2021-10-08 11:01:16,,
BKG000000356,851387404799,ACM000000574,2021-09-21 08:00:00,2021-09-21 07:35:32,2021-09-23 07:35:32,,
BKG000000357,781716988941,ACM000000965,2022-11-24 16:00:00,2022-11-24 15:45:59,2022-11-28 15:45:59,3L363VTSPY,
BKG000000359,631099807906,ACM000000105,2021-05-11 15:00:00,,,,2021-05-05 14:43:18
BKG000000362,404560067095,ACM000000192,2022-04-02 21:00:00,2022-04-02 20:42:47,2022-04-05 20:42:47,,
BKG000000363,819662498397,ACM000000200,2021-11-18 09:00:00,,,,2021-11-15 08:32:37
BKG000000365,578716233163,ACM000000319,2021-10-01 01:00:00,2021-10-01 00:55:37,2021-10-04 00:55:37,,
BKG000000368,975650153381,ACM000000643,2021-10-03 22:00:00,2021-10-03 22:15:03,2021-10-06 22:15:03,,
BKG000000375,514125611732,ACM000000886,2022-09-02 06:00:00,2022-09-02 06:29:08,2022-09-09 06:29:08,,
BKG000000379,169102424544,ACM000000727,2021-11-08 16:00:00,2021-11-08 15:54:18,2021-11-13 15:54:18,,
BKG000000380,324768090941,ACM000000050,2021-10-13 16:00:00,2021-10-13 16:23:02,2021-10-15 16:23:02,,
BKG000000382,736500036447,ACM000000514,2021-06-21 07:00:00,2021-06-21 06:44:31,2021-06-27 06:44:31,,
BKG000000383,46905539543,ACM000000811,2022-10-31 17:00:00,2022-10-31 16:30:48,2022-11-06 16:30:48,,
BKG000000385,506512386054,ACM000000001,2021-06-19 06:00:00,2021-06-19 05:52:49,2021-06-22 05:52:49,00K3ZHVZR4,
BKG000000388,881802057102,ACM000000205,2021-03-20 04:00:00,2021-03-20 03:51:53,2021-03-27 03:51:53,UAMM8T1WMS,
BKG000000394,468558244199,ACM000000914,2022-08-29 09:00:00,2022-08-29 08:37:09,2022-09-05 08:37:09,F461SXMJOB,
BKG000000397,984567447203,ACM000000181,2022-01-14 01:00:00,2022-01-14 00:53:33,2022-01-21 00:53:33,,
BKG000000400,71333138354,ACM000000046,2021-10-05 05:00:00,2021-10-05 04:40:34,2021-10-08 04:40:34,,
BKG000000401,404560067095,ACM000000635,2022-02-11 16:00:00,2022-02-11 15:58:44,2022-02-15 15:58:44,E3Y1DUW5D4,
BKG000000402,348347108653,ACM000000244,2021-02-01 03:00:00,2021-02-01 02:52:46,2021-02-04 02:52:46,NAGX25DUS0,
BKG000000403,107997324043,ACM000000683,2022-05-26 11:00:00,2022-05-26 11:29:16,2022-05-30 11:29:16,,
BKG000000404,124252169563,ACM000000184,2021-11-08 15:00:00,2021-11-08 15:00:22,2021-11-15 15:00:22,,
BKG000000405,761992414414,ACM000000924,2022-07-01 04:00:00,2022-07-01 03:53:12,2022-07-03 03:53:12,0T2HSPKNOA,
BKG000000406,159548761475,ACM000000781,2021-03-05 06:00:00,,,,2021-03-01 06:22:19
BKG000000410,694657866171,ACM000000328,2021-12-27 08:00:00,2021-12-27 08:29:30,2022-01-02 08:29:30,,
BKG000000412,272416226507,ACM000000122,2021-12-12 05:00:00,2021-12-12 05:26:51,2021-12-19 05:26:51,,
BKG000000414,845960286540,ACM000000253,2021-11-17 02:00:00,2021-11-17 02:26:31,2021-11-22 02:26:31,,
BKG000000416,247566079303,ACM000000481,2022-02-19 21:00:00,,,5NY6POHSQW,2022-02-10 21:21:42
BKG000000417,111315654872,ACM000000881,2021-01-17 07:00:00,2021-01-17 07:23:07,2021-01-19 07:23:07,,
BKG000000418,559377771965,ACM000000072,2022-03-09 14:00:00,2022-03-09 13:52:47,2022-03-11 13:52:47,,
BKG000000419,909094343695,ACM000000329,2021-09-12 10:00:00,2021-09-12 09:44:19,2021-09-16 09:44:19,LJPITDRMA4,
BKG000000420,511748534461,ACM000000808,2021-07-21 16:00:00,2021-07-21 16:12:29,2021-07-27 16:12:29,,
BKG000000421,430473292774,ACM000000245,2022-02-07 14:00:00,2022-02-07 14:02:17,2022-02-12 14:02:17,,
BKG000000422,790070031478,ACM000000766,2021-04-07 23:00:00,,,,2021-03-29 23:13:15
BKG000000423,783495937301,ACM000000073,2022-09-29 18:00:00,2022-09-29 17:32:41,2022-10-02 17:32:41,,
BKG000000424,49122282772,ACM000000882,2021-10-26 10:00:00,2021-10-26 09:31:11,2021-10-29 09:31:11,,
BKG000000425,299702711430,ACM000000144,2021-09-17 09:00:00,2021-09-17 09:28:05,2021-09-18 09:28:05,RRKNT4W8PG,
BKG000000429,528480288982,ACM000000728,2021-03-17 15:00:00,2021-03-17 14:59:42,2021-03-19 14:59:42,,
BKG000000430,561147504015,ACM000000844,2022-05-06 13:00:00,2022-05-06 12:49:53,2022-05-09 12:49:53,,
BKG000000432,470330124405,ACM000000502,2021-04-02 06:00:00,2021-04-02 06:11:14,2021-04-08 06:11:14,,
BKG000000434,80584000410,ACM000000258,2021-02-19 10:00:00,2021-02-19 10:17:20,2021-02-20 10:17:20,,
BKG000000441,606027913641,ACM000000219,2021-11-01 14:00:00,,,H127LP6630,2021-10-25 13:57:59
BKG000000444,695778614033,ACM000000501,2021-09-18 20:00:00,2021-09-18 19:31:55,2021-09-24 19:31:55,0BL6XY2DTP,
BKG000000446,529934732595,ACM000000425,2021-01-28 14:00:00,2021-01-28 14:20:49,2021-02-03 14:20:49,,
BKG000000447,993192907432,ACM000000734,2021-07-23 00:00:00,2021-07-23 00:14:37,2021-07-27 00:14:37,,
BKG000000449,611678162273,ACM000000886,2021-11-19 13:00:00,2021-11-19 13:29:45,2021-11-24 13:29:45,47UVW7ACBK,
BKG000000452,300624490777,ACM000000861,2022-07-03 19:00:00,,,FG0HV4BVJK,2022-06-24 18:44:56
BKG000000454,307536592323,ACM000000610,2022-07-10 18:00:00,2022-07-10 17:44:01,2022-07-12 17:44:01,,
BKG000000455,361222462747,ACM000000300,2022-05-24 03:00:00,2022-05-24 02:32:44,2022-05-28 02:32:44,,
BKG000000457,543728723540,ACM000000923,2022-02-16 05:00:00,,,XGMHB41EWV,2022-02-08 04:32:06
BKG000000458,984182264738,ACM000000003,2021-10-19 00:00:00,2021-10-19 00:22:39,2021-10-22 00:22:39,,
BKG000000460,440865397975,ACM000000368,2022-04-08 09:00:00,2022-04-08 09:19:05,2022-04-09 09:19:05,,
BKG000000462,110306035408,ACM000000975,2022-07-31 06:00:00,,,WMB2MCJT8N,2022-07-31 06:00:03
BKG000000464,919002430781,ACM000000362,2021-06-19 01:00:00,2021-06-19 01:07:27,2021-06-21 01:07:27,,
BKG000000465,284470538118,ACM000000071,2022-01-31 13:00:00,2022-01-31 12:37:30,2022-02-02 12:37:30,,
BKG000000466,631099807906,ACM000000896,2022-10-11 19:00:00,2022-10-11 18:47:58,2022-10-16 18:47:58,762CD1KVJV,
BKG000000470,904511095913,ACM000000359,2022-05-11 23:00:00,2022-05-11 23:01:32,2022-05-15 23:01:32,,
BKG000000473,21261697674,ACM000000322,2021-10-27 13:00:00,2021-10-27 12:47:41,2021-11-02 12:47:41,,
BKG000000475,571328701172,ACM000000809,2022-06-09 14:00:00,2022-06-09 13:59:00,2022-06-10 13:59:00,,
BKG000000476,666192058022,ACM000000687,2021-02-03 17:00:00,2021-02-03 17:17:07,2021-02-05 17:17:07,IP8FXTWDFH,
BKG000000478,897970989468,ACM000000324,2022-10-03 21:00:00,2022-10-03 20:34:43,2022-10-04 20:34:43,WEBWY81RGC,
BKG000000479,521170599327,ACM000000439,2021-05-08 02:00:00,2021-05-08 02:09:08,2021-05-11 02:09:08,,
BKG000000483,187206351749,ACM000000924,2022-01-12 14:00:00,2022-01-12 14:25:28,2022-01-13 14:25:28,,
BKG000000486,119177285955,ACM000000373,2021-10-16 14:00:00,2021-10-16 14:25:01,2021-10-17 14:25:01,,
BKG000000487,143421896515,ACM000000510,2021-10-30 10:00:00,2021-10-30 09:53:23,2021-11-01 09:53:23,3GLZCDQLC0,
BKG000000488,144351757149,ACM000000581,2021-08-19 22:00:00,2021-08-19 21:32:45,2021-08-25 21:32:45,,
BKG000000493,625513127352,ACM000000123,2021-02-07 11:00:00,,,A87C7W45CO,2021-02-03 11:09:48
BKG000000494,988184765117,ACM000000894,2022-04-09 22:00:00,2022-04-09 22:03:25,2022-04-11 22:03:25,,
BKG000000496,630455277331,ACM000000010,2021-12-11 18:00:00,2021-12-11 18:00:58,2021-12-17 18:00:58,,
BKG000000498,623318071268,ACM000000914,2021-10-16 14:00:00,2021-10-16 13:55:25,2021-10-23 13:55:25,,
BKG000000499,337722152116,ACM000000815,2021-11-22 19:00:00,2021-11-22 18:36:18,2021-11-23 18:36:18,,
BKG000000500,680133238292,ACM000000642,2021-08-01 09:00:00,2021-08-01 08:49:42,2021-08-02 08:49:42,,
BKG000000502,226720845391,ACM000000127,2022-05-19 20:00:00,,,MDHH0PY8NA,2022-05-16 20:18:30
BKG000000503,345723268952,ACM000000812,2021-08-16 01:00:00,,,35E0SAJ5H3,2021-08-11 00:35:01
BKG000000504,242052982371,ACM000000134,2021-01-20 09:00:00,2021-01-20 08:35:30,2021-01-22 08:35:30,,
BKG000000505,528079424238,ACM000000818,2022-01-02 00:00:00,2022-01-02 00:16:29,2022-01-05 00:16:29,CS9KNRNAV6,
BKG000000507,366773187471,ACM000000944,2022-11-11 14:00:00,,,,2022-11-06 13:45:59
BKG000000509,223841870171,ACM000000545,2022-05-05 01:00:00,2022-05-05 00:35:23,2022-05-11 00:35:23,,
BKG000000511,55136445472,ACM000000472,2021-02-01 02:00:00,2021-02-01 01:40:44,2021-02-07 01:40:44,,
BKG000000513,963350791469,ACM000000328,2021-07-08 12:00:00,2021-07-08 12:08:18,2021-07-12 12:08:18,,
BKG000000518,411029918626,ACM000000854,2022-06-18 06:00:00,,,,2022-06-15 06:09:23
BKG000000519,315628922630,ACM000000300,2021-06-19 17:00:00,2021-06-19 17:29:58,2021-06-20 17:29:58,,
BKG000000520,493887799630,ACM000000371,2022-09-26 09:00:00,2022-09-26 08:57:01,2022-09-29 08:57:01,,
BKG000000528,904116480401,ACM000000929,2021-05-30 03:00:00,,,,2021-05-28 03:07:36
BKG000000529,755938167902,ACM000000803,2022-02-02 15:00:00,2022-02-02 15:04:37,2022-02-09 15:04:37,,
BKG000000530,147779999326,ACM000000302,2021-04-13 10:00:00,2021-04-13 09:37:08,2021-04-18 09:37:08,,
BKG000000531,272557132698,ACM000000588,2022-01-10 03:00:00,2022-01-10 03:20:31,2022-01-17 03:20:31,,
BKG000000535,506512386054,ACM000000886,2021-07-09 01:00:00,2021-07-09 01:20:19,2021-07-11 01:20:19,BGOBY4V3SU,
BKG000000538,193188059917,ACM000000170,2021-02-15 20:00:00,2021-02-15 20:14:44,2021-02-16 20:14:44,,
BKG000000539,951592186023,ACM000000860,2022-09-12 01:00:00,2022-09-12 00:35:46,2022-09-19 00:35:46,,
BKG000000540,942512381349,ACM000000988,2022-06-04 09:00:00,2022-06-04 09:29:57,2022-06-07 09:29:57,,
BKG000000541,806333441587,ACM000000245,2022-06-09 07:00:00,,,KDG4XQO1P5,2022-06-02 06:45:05
BKG000000543,885961224009,ACM000000917,2021-06-08 20:00:00,,,,2021-06-07 19:45:08
BKG000000544,795685747039,ACM000000954,2022-05-07 07:00:00,,,3OPL871M6N,2022-05-02 06:57:07
BKG000000547,561230102493,ACM000000521,2021-05-16 18:00:00,2021-05-16 17:35:49,2021-05-18 17:35:49,,
BKG000000551,54451101817,ACM000000024,2021-03-22 03:00:00,2021-03-22 02:35:58,2021-03-29 02:35:58,,
BKG000000552,607583118482,ACM000000741,2021-11-21 21:00:00,2021-11-21 20:46:32,2021-11-23 20:46:32,YTW9PS1OPT,
BKG000000554,403928950042,ACM000000991,2021-10-26 20:00:00,2021-10-26 19:45:43,2021-11-01 19:45:43,,
BKG000000555,874916824620,ACM000000726,2022-07-18 02:00:00,2022-07-18 01:36:08,2022-07-20 01:36:08,4BHCAQGA95,
BKG000000558,373441638943,ACM000000388,2022-01-25 08:00:00,2022-01-25 07:32:53,2022-01-29 07:32:53,,
BKG000000565,630455277331,ACM000000295,2022-07-08 03:00:00,2022-07-08 02:39:06,2022-07-10 02:39:06,6U4GAMM9KH,
BKG000000568,845310223398,ACM000000564,2022-02-20 11:00:00,2022-02-20 10:46:47,2022-02-21 10:46:47,,
BKG000000570,558264432579,ACM000000812,2022-04-27 16:00:00,2022-04-27 15:30:51,2022-04-30 15:30:51,,
BKG000000571,205302159838,ACM000000079,2021-01-04 05:00:00,,,,2020-12-28 04:32:53
BKG000000572,540045427642,ACM000000366,2021-07-31 12:00:00,2021-07-31 12:11:28,2021-08-01 12:11:28,,
BKG000000573,982728830791,ACM000000728,2021-09-03 07:00:00,2021-09-03 07:11:08,2021-09-06 07:11:08,,
BKG000000574,899424741667,ACM000000902,2021-04-09 16:00:00,2021-04-09 15:52:25,2021-04-13 15:52:25,,
BKG000000576,993326349428,ACM000000933,2021-07-17 06:00:00,2021-07-17 06:04:00,2021-07-24 06:04:00,,
BKG000000577,891917204111,ACM000000418,2022-02-18 08:00:00,2022-02-18 07:44:31,2022-02-21 07:44:31,,
BKG000000579,340346089771,ACM000000101,2021-04-26 04:00:00,2021-04-26 04:11:27,2021-04-29 04:11:27,,
BKG000000581,56653586952,ACM000000330,2021-05-10 02:00:00,2021-05-10 02:02:41,2021-05-13 02:02:41,,
BKG000000584,239334541689,ACM000000131,2022-10-04 19:00:00,2022-10-04 19:28:28,2022-10-10 19:28:28,,
BKG000000585,618173698233,ACM000000088,2022-01-01 15:00:00,2022-01-01 14:45:45,2022-01-08 14:45:45,,
BKG000000588,624626155319,ACM000000628,2021-08-31 19:00:00,,,,2021-08-28 18:30:05
BKG000000590,917637991555,ACM000000784,2021-01-15 03:00:00,2021-01-15 03:00:34,2021-01-21 03:00:34,,
BKG000000591,302573055221,ACM000000313,2021-11-16 09:00:00,2021-11-16 08:48:46,2021-11-23 08:48:46,ZZ688PRQ0Z,
BKG000000593,186800744271,ACM000000205,2021-05-18 11:00:00,2021-05-18 11:09:50,2021-05-23 11:09:50,17UFY6X3IB,
BKG000000594,701033137335,ACM000000510,2022-09-05 20:00:00,2022-09-05 19:35:07,2022-09-08 19:35:07,64HEUWL5KF,
BKG000000596,532098163034,ACM000000546,2021-12-23 01:00:00,2021-12-23 00:37:39,2021-12-28 00:37:39,,
BKG000000597,127987280074,ACM000000513,2021-03-28 20:00:00,2021-03-28 20:25:52,2021-04-02 20:25:52,,
BKG000000598,410435473931,ACM000000203,2021-12-23 17:00:00,2021-12-23 17:24:56,2021-12-24 17:24:56,QO45953G29,
BKG000000599,864015338138,ACM000000222,2021-01-12 21:00:00,2021-01-12 20:36:34,2021-01-16 20:36:34,,
BKG000000602,56718415690,ACM000000820,2022-02-09 15:00:00,2022-02-09 15:10:07,2022-02-16 15:10:07,,
BKG000000603,523740410814,ACM000000585,2022-03-01 22:00:00,2022-03-01 21:50:49,2022-03-04 21:50:49,,
BKG000000604,324768090941,ACM000000782,2022-02-10 00:00:00,2022-02-10 00:20:28,2022-02-13 00:20:28,,
BKG000000608,944584268947,ACM000000273,2021-09-29 19:00:00,2021-09-29 18:47:19,2021-10-01 18:47:19,SZS5Z30FHP,
BKG000000614,961729482812,ACM000000542,2021-05-10 01:00:00,2021-05-10 00:50:52,2021-05-14 00:50:52,,
BKG000000616,134755019307,ACM000000882,2021-08-21 10:00:00,2021-08-21 09:32:00,2021-08-27 09:32:00,,
BKG000000625,475786609387,ACM000000652,2021-09-06 17:00:00,2021-09-06 16:39:10,2021-09-09 16:39:10,XVI2AIM427,
BKG000000627,437150018557,ACM000000755,2021-06-23 03:00:00,2021-06-23 02:36:25,2021-06-29 02:36:25,,
BKG000000628,82609090735,ACM000000705,2021-04-25 01:00:00,2021-04-25 01:13:12,2021-04-28 01:13:12,TY4K27YKJD,
BKG000000629,390263161362,ACM000000179,2022-05-06 20:00:00,2022-05-06 19:57:38,2022-05-07 19:57:38,,
BKG000000630,404188726807,ACM000000541,2021-08-05 13:00:00,,,,2021-08-05 13:17:47
BKG000000631,21616295528,ACM000000724,2021-03-01 15:00:00,2021-03-01 14:52:33,2021-03-08 14:52:33,OTSYJA6ZNJ,
BKG000000632,185237301314,ACM000000761,2021-10-08 00:00:00,2021-10-07 23:47:06,2021-10-14 23:47:06,50KII81H8H,
BKG000000635,2664452964,ACM000000769,2021-11-15 21:00:00,2021-11-15 21:06:21,2021-11-20 21:06:21,,
BKG000000637,736500036447,ACM000000920,2021-07-22 03:00:00,2021-07-22 02:34:21,2021-07-25 02:34:21,,
BKG000000639,22488221556,ACM000000578,2021-09-01 04:00:00,2021-09-01 03:34:21,2021-09-04 03:34:21,,
BKG000000641,310249284935,ACM000000097,2022-07-21 01:00:00,2022-07-21 00:59:08,2022-07-24 00:59:08,7P3ITYVV0G,
BKG000000642,131940202651,ACM000000279,2021-09-02 08:00:00,2021-09-02 08:04:59,2021-09-08 08:04:59,WOEGVQ3WCL,
BKG000000646,177451621970,ACM000000675,2021-09-24 11:00:00,2021-09-24 10:47:56,2021-09-28 10:47:56,5U5FD8ON54,
BKG000000648,583267900014,ACM000000458,2021-08-01 07:00:00,2021-08-01 07:10:07,2021-08-05 07:10:07,XNJB0HDOTW,
BKG000000649,82609090735,ACM000000257,2022-05-26 17:00:00,2022-05-26 16:55:20,2022-06-02 16:55:20,,
BKG000000652,363466453801,ACM000000620,2021-11-04 14:00:00,2021-11-04 14:21:24,2021-11-07 14:21:24,,
BKG000000653,875538704075,ACM000000240,2022-10-09 15:00:00,2022-10-09 14:41:34,2022-10-15 14:41:34,,
BKG000000654,523589519925,ACM000000515,2022-06-30 05:00:00,,,,2022-06-30 05:03:02
BKG000000659,605672577515,ACM000000595,2022-03-27 09:00:00,2022-03-27 08:48:18,2022-04-02 08:48:18,,
BKG000000662,10034327046,ACM000000835,2021-09-30 10:00:00,,,,2021-09-29 10:29:48
BKG000000664,229896911700,ACM000000918,2021-08-07 11:00:00,,,,2021-07-31 11:18:38
BKG000000668,728356308945,ACM000000364,2022-08-07 20:00:00,2022-08-07 19:54:22,2022-08-14 19:54:22,,
BKG000000670,161527248276,ACM000000492,2021-05-29 18:00:00,2021-05-29 18:14:20,2021-06-02 18:14:20,,
BKG000000671,623961623215,ACM000000421,2022-03-25 18:00:00,2022-03-25 18:06:05,2022-03-27 18:06:05,,
BKG000000672,544609165579,ACM000000292,2022-05-19 15:00:00,,,,2022-05-10 14:48:36
BKG000000674,522828927668,ACM000000071,2022-02-17 02:00:00,2022-02-17 02:22:10,2022-02-20 02:22:10,,
BKG000000676,300624490777,ACM000000056,2022-09-09 21:00:00,2022-09-09 21:11:24,2022-09-16 21:11:24,,
BKG000000677,340439707812,ACM000000543,2022-04-01 18:00:00,2022-04-01 17:44:55,2022-04-08 17:44:55,,
BKG000000679,635822811737,ACM000000628,2021-11-02 07:00:00,2021-11-02 07:02:14,2021-11-06 07:02:14,,
BKG000000680,406916179071,ACM000000119,2021-04-17 01:00:00,2021-04-17 00:37:39,2021-04-19 00:37:39,485LBFR7W9,
BKG000000682,895740334926,ACM000000020,2021-04-17 09:00:00,2021-04-17 08:50:03,2021-04-22 08:50:03,,
BKG000000683,86510091057,ACM000000625,2021-08-05 10:00:00,,,E51IFE9K3X,2021-07-28 09:50:41
BKG000000688,227303443940,ACM000000543,2021-04-08 17:00:00,2021-04-08 16:33:51,2021-04-13 16:33:51,,
BKG000000692,504163815889,ACM000000342,2021-10-08 19:00:00,2021-10-08 18:54:04,2021-10-10 18:54:04,TDF03AEXCP,
BKG000000693,31464697744,ACM000000743,2021-04-10 16:00:00,2021-04-10 16:22:01,2021-04-12 16:22:01,,
BKG000000697,623318071268,ACM000000997,2022-05-31 16:00:00,2022-05-31 16:19:04,2022-06-05 16:19:04,6R77YLSHJV,
BKG000000699,692319766009,ACM000000370,2021-06-27 04:00:00,2021-06-27 03:55:30,2021-06-29 03:55:30,5L49377WCG,
BKG000000700,561152284789,ACM000000527,2021-04-15 03:00:00,2021-04-15 02:35:30,2021-04-16 02:35:30,,
BKG000000701,864015338138,ACM000000079,2021-01-31 09:00:00,2021-01-31 08:51:03,2021-02-01 08:51:03,GU3IF4TWYC,
BKG000000702,871306277108,ACM000000355,2021-08-26 17:00:00,2021-08-26 17:29:42,2021-08-27 17:29:42,,
BKG000000704,235676639768,ACM000000259,2021-07-20 13:00:00,,,17UFY6X3IB,2021-07-18 12:39:58
BKG000000705,940746727949,ACM000000920,2021-08-24 09:00:00,2021-08-24 09:08:35,2021-08-29 09:08:35,WRTMEZLZLL,
BKG000000707,170621757722,ACM000000075,2022-10-29 06:00:00,2022-10-29 05:47:33,2022-11-05 05:47:33,12U44HGAF0,
BKG000000708,701033137335,ACM000000067,2021-07-18 16:00:00,2021-07-18 16:12:47,2021-07-21 16:12:47,,
BKG000000714,562138543551,ACM000000649,2021-08-29 21:00:00,2021-08-29 20:51:39,2021-08-31 20:51:39,,
BKG000000715,576757897314,ACM000000224,2022-12-02 12:00:00,2022-12-02 11:42:27,2022-12-09 11:42:27,,
BKG000000718,754955581081,ACM000000975,2021-03-23 11:00:00,2021-03-23 11:23:32,2021-03-28 11:23:32,9K98K5O6H1,
BKG000000720,613763235417,ACM000000446,2021-11-13 11:00:00,2021-11-13 10:39:22,2021-11-18 10:39:22,419V24PM0J,
BKG000000721,984567447203,ACM000000580,2022-06-14 02:00:00,,,YQPTWV0EX7,2022-06-09 01:52:17
BKG000000722,187040968153,ACM000000796,2022-02-25 11:00:00,2022-02-25 10:59:45,2022-02-28 10:59:45,,
BKG000000723,128330324024,ACM000000403,2022-08-18 01:00:00,,,,2022-08-10 01:05:10
BKG000000726,661752637108,ACM000000025,2022-01-03 00:00:00,2022-01-03 00:01:45,2022-01-09 00:01:45,6CCY6BGEA0,
BKG000000729,381128111610,ACM000000928,2021-11-09 09:00:00,2021-11-09 09:15:41,2021-11-16 09:15:41,,
BKG000000730,381128111610,ACM000000617,2022-03-12 02:00:00,2022-03-12 02:26:55,2022-03-17 02:26:55,2GL0JJV9DZ,
BKG000000733,644253128368,ACM000000267,2022-04-04 17:00:00,,,,2022-03-26 17:24:19
BKG000000737,532098163034,ACM000000385,2022-09-07 21:00:00,2022-09-07 21:22:22,2022-09-10 21:22:22,J1796J5LPT,
BKG000000738,126043817972,ACM000000736,2022-09-22 20:00:00,2022-09-22 19:56:19,2022-09-25 19:56:19,WMB2MCJT8N,
BKG000000740,720095691435,ACM000000507,2021-05-01 17:00:00,2021-05-01 17:08:46,2021-05-05 17:08:46,,
BKG000000743,73930000590,ACM000000939,2022-03-12 12:00:00,2022-03-12 12:29:58,2022-03-14 12:29:58,,
BKG000000751,877993877038,ACM000000589,2021-01-09 20:00:00,2021-01-09 20:06:26,2021-01-10 20:06:26,,
BKG000000752,913227522137,ACM000000997,2021-03-16 05:00:00,2021-03-16 04:38:38,2021-03-20 04:38:38,,
BKG000000756,654516207433,ACM000000431,2021-06-08 18:00:00,2021-06-08 17:58:38,2021-06-09 17:58:38,,
BKG000000758,873895382065,ACM000000283,2021-11-30 22:00:00,2021-11-30 21:42:46,2021-12-03 21:42:46,,
BKG000000760,378756337240,ACM000000192,2021-06-04 02:00:00,,,TMAFT8G62E,2021-06-01 01:45:06
BKG000000761,240777092335,ACM000000951,2022-05-24 18:00:00,2022-05-24 17:36:23,2022-05-31 17:36:23,,
BKG000000764,803075033221,ACM000000918,2021-03-31 23:00:00,2021-03-31 22:50:31,2021-04-05 22:50:31,,
BKG000000765,962377016261,ACM000000068,2022-06-22 12:00:00,,,,2022-06-15 11:57:22
BKG000000767,176332504664,ACM000000211,2022-07-10 03:00:00,,,,2022-07-05 03:12:01
BKG000000768,184002558393,ACM000000281,2021-12-13 09:00:00,,,ZQCR209N6D,2021-12-04 09:13:16
BKG000000771,306832080359,ACM000000697,2021-03-24 01:00:00,2021-03-24 00:41:43,2021-03-27 00:41:43,,
BKG000000772,849748021789,ACM000000374,2022-11-26 03:00:00,2022-11-26 03:02:01,2022-12-01 03:02:01,JN8KM3WEUC,
BKG000000774,15615619688,ACM000000370,2022-01-07 04:00:00,2022-01-07 04:17:29,2022-01-14 04:17:29,,
BKG000000777,555528146613,ACM000000735,2022-12-08 12:00:00,2022-12-08 12:11:36,2022-12-14 12:11:36,,
BKG000000779,959745344808,ACM000000520,2022-03-04 14:00:00,2022-03-04 13:38:07,2022-03-09 13:38:07,,
BKG000000783,472058391224,ACM000000446,2021-10-23 06:00:00,2021-10-23 06:20:40,2021-10-29 06:20:40,1CT33HBYN8,
BKG000000787,941542594856,ACM000000690,2022-02-13 01:00:00,2022-02-13 00:57:49,2022-02-20 00:57:49,95E4OUW6SW,
BKG000000790,342432237439,ACM000000569,2022-11-19 07:00:00,,,,2022-11-16 06:31:13
BKG000000794,195735806789,ACM000000049,2022-03-21 11:00:00,,,,2022-03-17 11:13:24
BKG000000796,92275493875,ACM000000164,2022-07-14 17:00:00,2022-07-14 16:31:15,2022-07-19 16:31:15,1CT33HBYN8,
BKG000000806,988184765117,ACM000000704,2022-05-27 23:00:00,,,,2022-05-24 23:09:06
BKG000000809,332031007577,ACM000000863,2022-02-23 20:00:00,2022-02-23 20:00:13,2022-02-26 20:00:13,,
BKG000000810,941595018353,ACM000000001,2021-01-21 23:00:00,2021-01-21 23:22:37,2021-01-26 23:22:37,,
BKG000000815,532098163034,ACM000000135,2022-04-11 10:00:00,2022-04-11 09:54:29,2022-04-14 09:54:29,,
BKG000000817,826932851690,ACM000000811,2021-06-15 20:00:00,2021-06-15 19:50:04,2021-06-22 19:50:04,,
BKG000000818,623961623215,ACM000000403,2021-11-12 21:00:00,,,,2021-11-08 21:07:05
BKG000000824,708155274261,ACM000000463,2022-07-15 20:00:00,2022-07-15 20:20:35,2022-07-22 20:20:35,I9U8P1JXF5,
BKG000000826,951592186023,ACM000000924,2022-12-05 16:00:00,2022-12-05 15:39:40,2022-12-08 15:39:40,YEXDW7BPB4,
BKG000000828,57856232384,ACM000000408,2021-02-06 04:00:00,,,,2021-02-02 03:50:29
BKG000000830,248199397814,ACM000000530,2022-04-09 13:00:00,,,DVGX9ECC39,2022-03-31 13:01:32
BKG000000831,919237806077,ACM000000571,2022-03-06 01:00:00,2022-03-06 00:59:39,2022-03-07 00:59:39,,
BKG000000832,512239044019,ACM000000142,2022-08-23 11:00:00,2022-08-23 10:34:21,2022-08-26 10:34:21,,
BKG000000833,316120722035,ACM000000968,2021-06-05 09:00:00,2021-06-05 08:43:30,2021-06-11 08:43:30,,
BKG000000835,455487346871,ACM000000771,2022-08-07 09:00:00,2022-08-07 09:09:47,2022-08-11 09:09:47,R04T741WR9,
BKG000000836,194928689634,ACM000000082,2021-09-22 22:00:00,2021-09-22 21:36:53,2021-09-28 21:36:53,,
BKG000000842,758217861679,ACM000000496,2021-11-04 00:00:00,2021-11-03 23:50:27,2021-11-05 23:50:27,,
BKG000000843,831001464456,ACM000000313,2021-09-09 20:00:00,2021-09-09 19:32:15,2021-09-11 19:32:15,QO45953G29,
BKG000000845,193706033145,ACM000000363,2021-05-24 08:00:00,2021-05-24 08:04:35,2021-05-29 08:04:35,,
BKG000000849,622713675577,ACM000000104,2022-11-15 11:00:00,2022-11-15 11:00:50,2022-11-18 11:00:50,,
BKG000000850,185692511545,ACM000000657,2021-05-23 10:00:00,2021-05-23 10:19:39,2021-05-28 10:19:39,,
BKG000000853,177451621970,ACM000000896,2022-07-21 16:00:00,2022-07-21 15:37:16,2022-07-25 15:37:16,,
BKG000000856,302573055221,ACM000000070,2022-06-16 20:00:00,2022-06-16 19:54:13,2022-06-18 19:54:13,06FWGN7VWY,
BKG000000857,367252786785,ACM000000411,2021-11-23 00:00:00,2021-11-22 23:32:47,2021-11-27 23:32:47,GE5FNLDTE0,
BKG000000858,879350698788,ACM000000309,2021-09-17 05:00:00,2021-09-17 05:20:15,2021-09-20 05:20:15,CAH4B6S7PB,
BKG000000859,51422207075,ACM000000170,2022-03-08 02:00:00,2022-03-08 02:03:27,2022-03-12 02:03:27,,
BKG000000865,961729482812,ACM000000942,2021-09-29 11:00:00,2021-09-29 10:51:45,2021-10-01 10:51:45,,
BKG000000866,72272864820,ACM000000533,2021-08-03 03:00:00,2021-08-03 02:55:50,2021-08-10 02:55:50,,
BKG000000868,702876742580,ACM000000836,2021-03-09 15:00:00,2021-03-09 14:47:41,2021-03-11 14:47:41,,
BKG000000875,744950982554,ACM000000020,2022-07-09 06:00:00,2022-07-09 05:52:59,2022-07-16 05:52:59,F8KB3NVARO,
BKG000000876,32949122608,ACM000000857,2022-05-19 12:00:00,2022-05-19 11:57:49,2022-05-24 11:57:49,,
BKG000000877,895740334926,ACM000000723,2021-12-27 11:00:00,2021-12-27 10:30:23,2022-01-01 10:30:23,,
BKG000000880,814676801937,ACM000000997,2022-04-16 21:00:00,2022-04-16 20:45:56,2022-04-23 20:45:56,,
BKG000000881,263007337178,ACM000000293,2021-08-03 04:00:00,2021-08-03 03:45:06,2021-08-04 03:45:06,,
BKG000000883,119177285955,ACM000000409,2021-01-22 04:00:00,2021-01-22 03:48:12,2021-01-27 03:48:12,,
BKG000000886,958910862844,ACM000000295,2021-12-08 11:00:00,2021-12-08 11:27:35,2021-12-14 11:27:35,JLC8JRRTWI,
BKG000000888,245433618584,ACM000000680,2022-04-28 17:00:00,2022-04-28 17:28:19,2022-04-29 17:28:19,,
BKG000000890,513048677503,ACM000000960,2021-05-01 00:00:00,2021-05-01 00:08:52,2021-05-08 00:08:52,,
BKG000000891,803071639172,ACM000000410,2021-12-27 18:00:00,,,,2021-12-22 17:36:40
BKG000000893,326739875355,ACM000000620,2021-07-15 20:00:00,2021-07-15 19:37:18,2021-07-19 19:37:18,,
BKG000000896,188943715427,ACM000000795,2021-06-27 11:00:00,2021-06-27 10:32:36,2021-07-01 10:32:36,,
BKG000000898,52532851650,ACM000000009,2021-05-19 12:00:00,,,,2021-05-13 11:49:37
BKG000000902,430473292774,ACM000000550,2022-08-08 08:00:00,2022-08-08 08:27:57,2022-08-10 08:27:57,,
BKG000000903,236986799602,ACM000000622,2021-10-16 14:00:00,2021-10-16 14:07:35,2021-10-21 14:07:35,,
BKG000000905,613763235417,ACM000000165,2021-06-14 12:00:00,,,,2021-06-14 12:03:51
BKG000000906,394834177410,ACM000000022,2022-08-31 23:00:00,2022-08-31 22:36:09,2022-09-07 22:36:09,,
BKG000000911,739421445653,ACM000000678,2022-01-31 17:00:00,2022-01-31 16:35:47,2022-02-03 16:35:47,,
BKG000000914,417595245437,ACM000000569,2022-07-10 11:00:00,2022-07-10 10:43:08,2022-07-14 10:43:08,U714S0UDQ9,
BKG000000922,291753986898,ACM000000860,2021-06-19 00:00:00,2021-06-19 00:12:40,2021-06-25 00:12:40,,
BKG000000925,864015338138,ACM000000763,2022-08-23 12:00:00,2022-08-23 11:55:23,2022-08-30 11:55:23,,
BKG000000926,874166543375,ACM000000481,2021-10-12 16:00:00,2021-10-12 15:38:08,2021-10-16 15:38:08,,
BKG000000929,277930978021,ACM000000526,2021-02-25 09:00:00,2021-02-25 09:27:30,2021-02-28 09:27:30,OD0MH9NF61,
BKG000000930,688543306543,ACM000000270,2021-03-12 18:00:00,2021-03-12 17:52:37,2021-03-19 17:52:37,,
BKG000000934,679282488786,ACM000000071,2022-04-30 18:00:00,2022-04-30 17:50:43,2022-05-03 17:50:43,,
BKG000000942,635822811737,ACM000000960,2022-08-13 15:00:00,,,,2022-08-08 14:56:48
BKG000000944,561230102493,ACM000000070,2022-02-26 05:00:00,2022-02-26 04:38:43,2022-03-03 04:38:43,,
BKG000000946,679662922509,ACM000000867,2022-08-01 11:00:00,,,,2022-07-28 10:42:11
BKG000000956,214436348576,ACM000000607,2022-08-21 02:00:00,2022-08-21 02:23:08,2022-08-25 02:23:08,,
BKG000000958,720821855593,ACM000000920,2021-01-23 13:00:00,,,,2021-01-18 13:08:09
BKG000000960,122049030018,ACM000000474,2021-02-13 12:00:00,2021-02-13 12:29:55,2021-02-16 12:29:55,,
BKG000000969,292037594933,ACM000000798,2021-09-22 04:00:00,2021-09-22 04:05:02,2021-09-28 04:05:02,FWRWH34KKQ,
BKG000000975,194928689634,ACM000000200,2021-08-17 19:00:00,2021-08-17 18:52:39,2021-08-20 18:52:39,191VXJ60GV,
BKG000000976,223562976913,ACM000000472,2021-11-15 21:00:00,,,,2021-11-14 21:00:08
BKG000000977,821834240932,ACM000000768,2022-07-04 10:00:00,2022-07-04 10:02:46,2022-07-08 10:02:46,,
BKG000000982,307286854093,ACM000000893,2021-03-22 03:00:00,,,,2021-03-17 02:33:11
BKG000000983,522359392126,ACM000000061,2021-11-17 23:00:00,2021-11-17 23:12:30,2021-11-19 23:12:30,,
BKG000000984,220390124052,ACM000000381,2021-03-21 18:00:00,2021-03-21 17:59:41,2021-03-25 17:59:41,0YCQBJM2CY,
BKG000000986,411636003468,ACM000000398,2022-09-02 08:00:00,2022-09-02 08:07:31,2022-09-09 08:07:31,,
BKG000000995,616752495092,ACM000000121,2022-06-05 11:00:00,,,,2022-06-05 10:54:03
BKG000000998,587224984547,ACM000000609,2021-07-02 13:00:00,,,,2021-07-02 12:55:07
BKG000001000,175612879164,ACM000000272,2021-02-26 23:00:00,,,,2021-02-25 22:46:54
