VCCode,DiscountValue,DiscountUnit,ValidFrom,ValidTo
00K3ZHVZR4,30.0,%,2021-12-30,2022-01-13
036JW5FSOC,100000.0,VND,2021-01-27,2021-02-10
0662CTI2LX,30.0,%,2021-02-12,2021-02-26
06FWGN7VWY,10.0,%,2021-11-08,2021-11-22
06STRGH61O,300000.0,VND,2021-03-18,2021-04-01
08UTM7VI6G,45.0,%,2021-11-26,2021-12-10
0AEKTAQE3U,45.0,%,2022-03-09,2022-03-23
0B8OI1RAQU,25.0,%,2021-05-23,2021-06-06
0BL6XY2DTP,25.0,%,2021-08-08,2021-08-22
0DVZSR1U6A,10.0,%,2021-09-27,2021-10-11
0E9WDV7IEB,5.0,%,2021-06-17,2021-07-01
0F3G6H6WTT,45.0,%,2022-01-29,2022-02-12
0GZ9PEO2AH,300000.0,VND,2021-02-18,2021-03-04
0J49FSEAJG,45.0,%,2021-08-13,2021-08-27
0JU9ELGGKG,30.0,%,2021-10-18,2021-11-01
0KLKM15BSI,40.0,%,2021-04-09,2021-04-23
0MCZ3GQLFW,55.0,%,2021-11-04,2021-11-18
0OM8JF561U,200000.0,VND,2021-01-14,2021-01-28
0OOD58OPPW,55.0,%,2021-04-03,2021-04-17
0PPNNQWCX5,5.0,%,2021-07-06,2021-07-20
0QY0DLRY7R,100000.0,VND,2021-12-31,2022-01-14
0S9EYW0NJA,15.0,%,2022-01-11,2022-01-25
0T2HSPKNOA,85.0,%,2021-07-06,2021-07-20
0T4IPP7BH4,200000.0,VND,2021-12-11,2021-12-25
0U36CU2AFV,300000.0,VND,2021-09-25,2021-10-09
0XAE4V8DRY,10.0,%,2021-02-18,2021-03-04
0XXP0G52OP,15.0,%,2021-01-11,2021-01-25
0YCQBJM2CY,30.0,%,2021-09-22,2021-10-06
0Z3X001QTV,30.0,%,2022-02-05,2022-02-19
107EJ7SDI2,20.0,%,2022-02-03,2022-02-17
120NU5G6L0,10.0,%,2022-04-28,2022-05-12
126LMFI8OZ,500000.0,VND,2021-02-13,2021-02-27
12U44HGAF0,75.0,%,2021-03-12,2021-03-26
130701OHA5,15.0,%,2021-02-13,2021-02-27
142CAVNEPD,500000.0,VND,2021-04-18,2021-05-02
15TN7PDTZ7,50.0,%,2021-05-15,2021-05-29
17QC9C8LHU,200000.0,VND,2021-03-23,2021-04-06
17UFY6X3IB,40.0,%,2021-12-16,2021-12-30
18031OKXWR,15.0,%,2021-01-10,2021-01-24
191VXJ60GV,25.0,%,2022-04-20,2022-05-04
194XKCZ5ZT,5500000.0,VND,2022-02-27,2022-03-13
1BPSTVBXZM,30.0,%,2021-04-05,2021-04-19
1CT33HBYN8,500000.0,VND,2021-04-20,2021-05-04
1CV2EZEZVA,45.0,%,2021-06-26,2021-07-10
1D6JQIAZES,40.0,%,2021-11-19,2021-12-03
1D7WOENX3A,100000.0,VND,2021-11-10,2021-11-24
1D95T3C12L,100.0,VND,2021-07-06,2021-07-20
1DV3YO02YX,30.0,%,2021-05-14,2021-05-28
1E9FN3YI98,200000.0,VND,2021-10-06,2021-10-20
1GFJI57O9N,200000.0,VND,2021-03-09,2021-03-23
1GX24U897W,5.0,%,2021-03-15,2021-03-29
1JBZXUZ2F0,20.0,%,2021-08-31,2021-09-14
1N681TPHVS,30.0,%,2021-04-06,2021-04-20
1PUFANXZM9,70.0,%,2021-03-19,2021-04-02
1R8CR1I9SE,55.0,%,2022-01-01,2022-01-15
1RP0BJR6G2,300000.0,VND,2021-01-28,2021-02-11
1T58B0OUMV,10.0,%,2021-12-29,2022-01-12
1TJMTVY9WA,25.0,%,2021-07-07,2021-07-21
1V0GDQ4UHH,400000.0,VND,2022-02-16,2022-03-02
1VZHX1XH3J,200000.0,VND,2021-05-16,2021-05-30
1W1XU3KXGO,25.0,%,2021-05-13,2021-05-27
1WZ2W0QJZK,35.0,%,2021-04-03,2021-04-17
1Z7TPCP2FP,10.0,%,2021-12-12,2021-12-26
2165SCD9H7,25.0,%,2021-04-11,2021-04-25
23TZBWP293,35.0,%,2022-02-27,2022-03-13
24D0P9PHUN,10.0,%,2021-09-27,2021-10-11
272H12OF4Z,5.0,%,2021-09-02,2021-09-16
28MJQE6JQL,5.0,%,2022-04-22,2022-05-06
29Q9UA7BPQ,20.0,%,2021-08-04,2021-08-18
2CGUTJHMMR,45.0,%,2021-11-15,2021-11-29
2E974MIUVJ,55.0,%,2022-01-18,2022-02-01
2GL0JJV9DZ,20.0,%,2022-03-07,2022-03-21
2I0U9USXUF,40.0,%,2021-11-01,2021-11-15
2NXMZM8FKS,25.0,%,2021-09-21,2021-10-05
2P59ILBPDY,10.0,%,2021-01-23,2021-02-06
2Q6M2DJASR,10.0,%,2021-06-17,2021-07-01
2R5LPQYHUT,300000.0,VND,2021-03-04,2021-03-18
2TBYN93U0V,400000.0,VND,2021-06-19,2021-07-03
2UY9540WPL,1500000.0,VND,2021-05-17,2021-05-31
2WDBDG5B7S,35.0,%,2021-05-01,2021-05-15
2X1CXSEYDM,15.0,%,2021-11-08,2021-11-22
2Z9H1OJ5GO,45.0,%,2021-09-02,2021-09-16
2ZV91FBKRW,400000.0,VND,2022-04-19,2022-05-03
35E0SAJ5H3,5.0,%,2022-04-01,2022-04-15
35WUUR0MYM,15.0,%,2021-09-18,2021-10-02
36TO0KKQHU,5.0,%,2022-02-14,2022-02-28
37V9R030DR,45.0,%,2022-04-04,2022-04-18
38NOWEJH4H,20.0,%,2021-11-11,2021-11-25
39CN1V44S7,3000000.0,VND,2021-04-05,2021-04-19
39TIHQ4LQU,10.0,%,2021-05-31,2021-06-14
3A20A3DN14,30.0,%,2021-03-17,2021-03-31
3A87YA7YN6,200000.0,VND,2021-08-25,2021-09-08
3ADA84W199,100000.0,VND,2021-09-22,2021-10-06
3BCT1Z34PE,20.0,%,2022-04-16,2022-04-30
3D63RWCE1B,100000.0,VND,2022-04-12,2022-04-26
3G0TTK1DGU,100000.0,VND,2021-12-24,2022-01-07
3GLZCDQLC0,100000.0,VND,2022-04-28,2022-05-12
3ICI0HWRGR,35.0,%,2021-06-05,2021-06-19
3IOSZFE7PC,30.0,%,2022-02-26,2022-03-12
3JCNBNUONK,5.0,%,2021-04-15,2021-04-29
3L363VTSPY,20.0,%,2021-08-26,2021-09-09
3L9SAOU6OY,5500000.0,VND,2022-03-22,2022-04-05
3M8Y7HOCS3,200000.0,VND,2021-12-19,2022-01-02
3M9Z0L9TP7,15.0,%,2021-05-14,2021-05-28
3MWFKKX1J2,100000.0,VND,2022-02-12,2022-02-26
3OAQWH8EH8,25.0,%,2021-04-15,2021-04-29
3OPL871M6N,10.0,%,2021-12-26,2022-01-09
3OZT28TZQ6,30.0,%,2022-03-28,2022-04-11
3PCG0BW0AD,200000.0,VND,2022-02-03,2022-02-17
3PH4IF7RT7,2000000.0,VND,2022-01-24,2022-02-07
3RNQAX8F4D,300000.0,VND,2021-08-02,2021-08-16
3SENOFJ26Q,40.0,%,2021-02-21,2021-03-07
3TI43K3M5X,25.0,%,2021-11-09,2021-11-23
3TI6Y7YKVS,300000.0,VND,2021-02-27,2021-03-13
3U8A1EYL2R,45.0,%,2022-02-25,2022-03-11
3WFSMOJI0O,300000.0,VND,2022-03-25,2022-04-08
3YTTT11CRP,20.0,%,2022-04-29,2022-05-13
401OF1YXIF,200000.0,VND,2021-10-10,2021-10-24
404LI9PGGJ,25.0,%,2021-11-28,2021-12-12
40LPHLG6GW,5.0,%,2022-02-11,2022-02-25
4157XTPRPW,300000.0,VND,2022-01-24,2022-02-07
419V24PM0J,15.0,%,2021-11-28,2021-12-12
41B33Z967K,100000.0,VND,2022-04-21,2022-05-05
41Q6MNS7B3,10.0,%,2021-11-25,2021-12-09
43SWKBHG94,55.0,%,2022-02-20,2022-03-06
46Z02IEWTG,5.0,%,2021-11-22,2021-12-06
4755U2J4Z9,5.0,%,2021-01-12,2021-01-26
47UVW7ACBK,35.0,%,2021-03-16,2021-03-30
485LBFR7W9,30.0,%,2022-01-13,2022-01-27
48D42NWAPI,45.0,%,2021-06-16,2021-06-30
48IC8FMD9E,10.0,%,2021-06-08,2021-06-22
4BHCAQGA95,1000000.0,VND,2021-10-28,2021-11-11
4CT8MSVKI0,30.0,%,2021-08-20,2021-09-03
4ITLH23MPZ,65.0,%,2022-02-12,2022-02-26
4KQ5CL724X,100000.0,VND,2021-08-24,2021-09-07
4KVXEG2E93,30.0,%,2021-02-06,2021-02-20
4LY5CTZF1K,35.0,%,2021-08-13,2021-08-27
4N87JFHZRM,100000.0,VND,2021-02-14,2021-02-28
4O0J0U5PD0,35.0,%,2022-03-14,2022-03-28
4O52E3ZF5X,45.0,%,2022-02-24,2022-03-10
4PMJG2TSPG,15.0,%,2021-09-15,2021-09-29
4Q4N002TQR,10.0,%,2021-01-06,2021-01-20
4STCQLBMBM,400000.0,VND,2022-03-23,2022-04-06
4T2A9KKTP7,30.0,%,2021-05-03,2021-05-17
4TOE5N1D3O,300000.0,VND,2021-05-23,2021-06-06
4TV8DAKUQV,400000.0,VND,2021-02-19,2021-03-05
4UQ8NFPKRZ,30.0,%,2021-01-14,2021-01-28
4UV3Y47VPD,1000000.0,VND,2021-10-27,2021-11-10
4VW57Y1I9M,35.0,%,2021-03-03,2021-03-17
4XZWCA9BAI,300000.0,VND,2022-03-22,2022-04-05
4ZW5UTMN2S,50.0,%,2021-02-09,2021-02-23
50KII81H8H,100000.0,VND,2021-09-30,2021-10-14
58GZSERABO,30.0,%,2021-11-04,2021-11-18
58N6XMD6DH,30.0,%,2022-01-12,2022-01-26
58YFB5T79G,500000.0,VND,2022-02-25,2022-03-11
58Z2XLYVUN,40.0,%,2022-01-10,2022-01-24
59U50R1RS8,25.0,%,2021-11-10,2021-11-24
5AU174MNSU,40.0,%,2022-03-27,2022-04-10
5CB1SOATNQ,15.0,%,2022-01-30,2022-02-13
5CFJTY7MOA,15.0,%,2021-11-30,2021-12-14
5CU9WTREHC,6000000.0,VND,2021-07-23,2021-08-06
5D9XAR81K6,400000.0,VND,2021-05-20,2021-06-03
5FPCRJI64J,5.0,%,2021-12-22,2022-01-05
5FXC69ER66,25.0,%,2021-05-02,2021-05-16
5G3ZDY57F2,400000.0,VND,2021-10-23,2021-11-06
5H32CNNY30,4000000.0,VND,2021-07-14,2021-07-28
5JPYALJ2C7,300000.0,VND,2021-05-18,2021-06-01
5L49377WCG,20.0,%,2022-02-16,2022-03-02
5NY6POHSQW,30.0,%,2021-03-14,2021-03-28
5Q76YGQAJA,20.0,%,2021-04-30,2021-05-14
5R4VR6Y93F,6500000.0,VND,2021-08-16,2021-08-30
5RQM9JAZ54,1500000.0,VND,2022-03-20,2022-04-03
5SM78QMYMU,95.0,%,2022-03-17,2022-03-31
5U5FD8ON54,35.0,%,2021-10-02,2021-10-16
5U8H8YB3M8,45.0,%,2021-03-03,2021-03-17
5XPA5QCW9Q,45.0,%,2021-08-08,2021-08-22
5YGCCURDRD,300000.0,VND,2021-02-09,2021-02-23
5YN71WVYYT,100000.0,VND,2022-01-30,2022-02-13
609HJGAZ03,5.0,%,2021-10-29,2021-11-12
60A0I30KAM,4500000.0,VND,2021-07-27,2021-08-10
60H1GIAPQZ,55.0,%,2021-08-14,2021-08-28
61QFOGU4CK,200000.0,VND,2022-02-14,2022-02-28
625HUI2XA0,100000.0,VND,2021-09-16,2021-09-30
629N8NWR56,45.0,%,2021-07-22,2021-08-05
62AU0WVTOP,30.0,%,2021-03-11,2021-03-25
62P3SUUX40,20.0,%,2021-08-26,2021-09-09
64HEUWL5KF,300000.0,VND,2021-09-10,2021-09-24
68YF5MPZTR,20.0,%,2021-02-28,2021-03-14
6A31ACUM3H,4500000.0,VND,2021-07-18,2021-08-01
6CCY6BGEA0,40.0,%,2021-06-12,2021-06-26
6D5F514E6B,95.0,%,2021-02-25,2021-03-11
6DBSRNZF4Z,25.0,%,2021-11-20,2021-12-04
6EEA3EN40Z,35.0,%,2022-04-06,2022-04-20
6ERBWFSRGB,35.0,%,2022-01-04,2022-01-18
6GF8O5SRTT,100000.0,VND,2021-12-01,2021-12-15
6IQ87BNVFU,25.0,%,2021-02-14,2021-02-28
6M52LDQ80D,200000.0,VND,2021-06-27,2021-07-11
6MIPRO0DLV,300000.0,VND,2021-07-30,2021-08-13
6NJA2OTSU7,15.0,%,2021-07-26,2021-08-09
6OD7Q9OJJ8,100.0,VND,2021-12-18,2022-01-01
6OGTLMAO44,400000.0,VND,2022-04-20,2022-05-04
6POLW38T6S,40.0,%,2021-07-23,2021-08-06
6QJQMJI8EN,20.0,%,2022-03-06,2022-03-20
6QUUE81GSJ,6500000.0,VND,2021-08-01,2021-08-15
6R77YLSHJV,45.0,%,2021-01-10,2021-01-24
6U0I668SII,55.0,%,2022-03-27,2022-04-10
6U4GAMM9KH,200000.0,VND,2021-03-12,2021-03-26
6WF2NGJ1CS,15.0,%,2021-09-01,2021-09-15
6WIOJWAXIY,5.0,%,2021-12-09,2021-12-23
6YTN4N0XGD,25.0,%,2021-01-28,2021-02-11
6ZJ1X0BI22,300000.0,VND,2021-06-08,2021-06-22
6ZQPSVMCYY,45.0,%,2021-08-16,2021-08-30
70QQPRQ1V9,35.0,%,2021-07-17,2021-07-31
71RKNNLDOC,45.0,%,2022-02-23,2022-03-09
7297SB5YNB,15.0,%,2021-08-09,2021-08-23
72O5XV9F0Q,100000.0,VND,2021-07-08,2021-07-22
74SDIBEO41,5.0,%,2021-05-28,2021-06-11
75I7RPP9MM,30.0,%,2021-03-24,2021-04-07
762CD1KVJV,80.0,%,2021-10-02,2021-10-16
776ZHX1E3C,100000.0,VND,2021-11-27,2021-12-11
77OQSMEEIZ,15.0,%,2021-03-27,2021-04-10
78PJ7EGF5O,5.0,%,2021-11-17,2021-12-01
7A4L83EB6B,30.0,%,2021-12-02,2021-12-16
7B3SOXV2I0,5000000.0,VND,2021-01-04,2021-01-18
7CGOVCNXK6,300000.0,VND,2021-04-11,2021-04-25
7E2ZD23PSJ,25.0,%,2021-04-04,2021-04-18
7G1NQFY836,300000.0,VND,2021-06-28,2021-07-12
7HU6AI1S7P,40.0,%,2021-04-30,2021-05-14
7IDHAXWA7X,30.0,%,2021-08-30,2021-09-13
7JQFF8PR53,8500000.0,VND,2021-05-03,2021-05-17
7M0D5V6TTI,30.0,%,2021-11-06,2021-11-20
7MNCHQE7PG,4000000.0,VND,2021-08-29,2021-09-12
7MOEPW9PXY,300000.0,VND,2021-10-30,2021-11-13
7NJHFAFUFS,40.0,%,2021-04-04,2021-04-18
7NOLB9D0ZB,45.0,%,2022-03-03,2022-03-17
7P3ITYVV0G,1000000.0,VND,2021-11-19,2021-12-03
7QREJILJNJ,5.0,%,2021-08-04,2021-08-18
7SAEPB89KD,55.0,%,2021-09-27,2021-10-11
7T09JRDV0S,200000.0,VND,2022-01-17,2022-01-31
7T23T74WQ2,35.0,%,2022-01-29,2022-02-12
7U516KN85M,25.0,%,2022-05-02,2022-05-16
7UP39U7WE7,100000.0,VND,2021-05-23,2021-06-06
7VBU0O8EMD,300000.0,VND,2021-04-11,2021-04-25
7Y0J3FDAJ6,10000000.0,VND,2021-03-05,2021-03-19
8054MOZMZV,8000000.0,VND,2021-01-09,2021-01-23
82983V0LO3,200000.0,VND,2021-03-23,2021-04-06
83XIKIX61N,400000.0,VND,2021-04-08,2021-04-22
84V78N7XPT,300000.0,VND,2021-03-26,2021-04-09
84W7IJA9EN,15.0,%,2021-12-24,2022-01-07
8682QYFG53,30.0,%,2022-04-18,2022-05-02
87YEV9LY0V,200000.0,VND,2021-09-30,2021-10-14
892CXWEM7Z,10.0,%,2021-01-20,2021-02-03
8CTQUCUVZM,25.0,%,2021-09-10,2021-09-24
8DHJAKVK0I,40.0,%,2022-04-14,2022-04-28
8EMWGW7ZMY,45.0,%,2021-01-07,2021-01-21
8H5GJOTHAV,30.0,%,2022-02-12,2022-02-26
8HDMKXPL2Q,10.0,%,2021-10-15,2021-10-29
8JSAHXXU8Q,15.0,%,2022-03-24,2022-04-07
8K4HFZ4X2R,200000.0,VND,2022-04-15,2022-04-29
8O43ZMQBCP,5500000.0,VND,2021-11-07,2021-11-21
8P7N379E5V,100000.0,VND,2022-03-03,2022-03-17
8P99LG1HE8,25.0,%,2022-03-04,2022-03-18
8PKIFOFLTC,200000.0,VND,2021-05-30,2021-06-13
8PURP78UWU,25.0,%,2021-01-02,2021-01-16
8PXIQL79XO,5.0,%,2021-06-29,2021-07-13
8Q2P3N22E3,35.0,%,2021-08-08,2021-08-22
8QPRLHHH5M,20.0,%,2021-02-09,2021-02-23
8SYGAB5JQG,15.0,%,2021-07-29,2021-08-12
8TOSLBO2JK,30.0,%,2021-11-21,2021-12-05
8VS8E9HGHA,20.0,%,2021-12-24,2022-01-07
8YC0QEIM0G,1000000.0,VND,2021-01-30,2021-02-13
91BQ463UJT,20.0,%,2022-02-23,2022-03-09
92LOKM4EBW,25.0,%,2021-06-11,2021-06-25
95E4OUW6SW,15.0,%,2021-12-30,2022-01-13
96U0AOFZ17,300000.0,VND,2022-01-27,2022-02-10
9CIUTRNM3G,40.0,%,2022-04-13,2022-04-27
9CJFTJZ68B,500000.0,VND,2021-07-26,2021-08-09
9CPD2C7IUC,30.0,%,2021-12-13,2021-12-27
9GJX7MXNEF,2500000.0,VND,2021-10-24,2021-11-07
9H1LBW84ZL,200000.0,VND,2022-01-12,2022-01-26
9HQB6K3BRY,300000.0,VND,2021-05-14,2021-05-28
9K98K5O6H1,300000.0,VND,2021-12-30,2022-01-13
9LATI8RQ0O,25.0,%,2022-04-25,2022-05-09
9M6C2KEZOM,35.0,%,2021-10-12,2021-10-26
9MNUPCM2F9,10.0,%,2022-05-02,2022-05-16
9N79ZIFUH5,55.0,%,2022-02-14,2022-02-28
9NKE6LTX7G,200000.0,VND,2021-10-22,2021-11-05
9OYEQ0JDH9,100000.0,VND,2021-01-31,2021-02-14
9PNGF8TI2U,45.0,%,2021-09-07,2021-09-21
9QMDDH80JB,100.0,VND,2021-09-18,2021-10-02
9QVYP4KUI5,4500000.0,VND,2021-06-11,2021-06-25
9R1BZHTLFX,65.0,%,2021-03-16,2021-03-30
9TRLUZLCTS,300000.0,VND,2021-08-08,2021-08-22
9UTN9QCMNJ,30.0,%,2021-03-07,2021-03-21
9UV5G4EL6B,15.0,%,2021-03-11,2021-03-25
9WDFUENLB6,40.0,%,2021-11-17,2021-12-01
9YCMZFO67M,20.0,%,2021-05-28,2021-06-11
A1VNVKDB43,500000.0,VND,2021-10-27,2021-11-10
A577FLC50Q,200000.0,VND,2022-03-01,2022-03-15
A5I3QWJPFV,45.0,%,2022-02-20,2022-03-06
A74KUZDRN5,300000.0,VND,2021-04-01,2021-04-15
A7M3IIVBZW,15.0,%,2021-06-06,2021-06-20
A87C7W45CO,200000.0,VND,2021-12-24,2022-01-07
A87FFT6Z5A,20.0,%,2022-04-06,2022-04-20
A8D6WW4PVU,1000000.0,VND,2021-09-03,2021-09-17
A8OBJ8CBGV,400000.0,VND,2021-06-16,2021-06-30
A9SD2FP8AC,20.0,%,2021-04-28,2021-05-12
AAJD8Q6LN3,25.0,%,2021-12-01,2021-12-15
AC9B3SBTLE,25.0,%,2021-05-09,2021-05-23
AH81NL8VBB,3000000.0,VND,2021-03-05,2021-03-19
AI9T40W49S,300000.0,VND,2021-03-14,2021-03-28
AIRLJENQ9A,40.0,%,2021-01-05,2021-01-19
AJ38RH3MSV,90.0,%,2021-08-01,2021-08-15
AJ4WR6BG30,25.0,%,2022-01-12,2022-01-26
AJET4J56LH,45.0,%,2021-08-07,2021-08-21
AJZ0LU10XI,10.0,%,2021-01-14,2021-01-28
AMV02G76MG,4000000.0,VND,2021-03-01,2021-03-15
AMZZL1U5K1,5.0,%,2021-06-29,2021-07-13
ANOGHXIZQA,400000.0,VND,2021-03-14,2021-03-28
ANVDWAFJZX,40.0,%,2021-07-16,2021-07-30
APMPQ5RFU8,200000.0,VND,2021-04-16,2021-04-30
AT8OFDW41D,3000000.0,VND,2021-12-26,2022-01-09
AUA288Y3BS,40.0,%,2021-04-12,2021-04-26
AV2DVBOZHE,5.0,%,2021-02-23,2021-03-09
AVFAO2AR64,15.0,%,2021-04-10,2021-04-24
AVH85V6X31,200000.0,VND,2022-01-18,2022-02-01
AVHBSF56HV,4500000.0,VND,2021-03-11,2021-03-25
AX4T5ME2P3,100000.0,VND,2021-02-15,2021-03-01
B0ERO285MN,45.0,%,2022-01-12,2022-01-26
B1EECVX3QH,30.0,%,2021-05-14,2021-05-28
B3G96ZDGAE,10.0,%,2022-03-19,2022-04-02
B6P0GK8NE3,300000.0,VND,2021-12-29,2022-01-12
B6UDUZIT5E,60.0,%,2021-01-15,2021-01-29
B7ZKXE1NBQ,10.0,%,2021-02-04,2021-02-18
B8V25SR3UW,20.0,%,2021-09-14,2021-09-28
B9Z8XZL1CH,20.0,%,2021-05-20,2021-06-03
BAH5DJK1RT,15.0,%,2021-07-21,2021-08-04
BAXP51HDD3,35.0,%,2021-04-26,2021-05-10
BCFFRFVR02,25.0,%,2022-02-07,2022-02-21
BDZ3WVMI9X,10.0,%,2021-10-23,2021-11-06
BE2KYVJ49V,20.0,%,2021-06-10,2021-06-24
BEFWDYXMB8,25.0,%,2021-09-08,2021-09-22
BFI148XMZN,20.0,%,2022-04-11,2022-04-25
BGOBY4V3SU,20.0,%,2021-06-17,2021-07-01
BGZ7BPN3VZ,30.0,%,2021-08-14,2021-08-28
BJ21KLS1WZ,100000.0,VND,2021-05-30,2021-06-13
BJD95Q68VO,10000000.0,VND,2021-04-18,2021-05-02
BMSCFFYVQK,15.0,%,2021-07-15,2021-07-29
BNM7STAY2M,35.0,%,2021-11-13,2021-11-27
BNXQJBMTG5,5.0,%,2021-10-16,2021-10-30
BRYH0V6L92,15.0,%,2022-04-13,2022-04-27
BS53MAQSU0,3000000.0,VND,2022-02-24,2022-03-10
BT73I5AXPE,100000.0,VND,2022-01-29,2022-02-12
BV1VLSIQVH,100000.0,VND,2021-05-28,2021-06-11
BX8WNEP2NY,10000000.0,VND,2021-08-19,2021-09-02
BYHL2KDQFA,30.0,%,2021-10-29,2021-11-12
BZLRXUCQ99,5000000.0,VND,2021-04-29,2021-05-13
C0WS1DAA6V,400000.0,VND,2022-04-07,2022-04-21
C1ZV6J4008,30.0,%,2021-10-22,2021-11-05
C2F08HVZCT,35.0,%,2021-09-21,2021-10-05
C2MF0BY2R9,30.0,%,2021-12-30,2022-01-13
C2PPTPTP5F,45.0,%,2022-04-04,2022-04-18
C320X1K422,1000000.0,VND,2022-03-31,2022-04-14
C3V8PD7J30,30.0,%,2021-03-23,2021-04-06
C4P2P73U9Y,25.0,%,2022-01-27,2022-02-10
C4TXK2VVBJ,10.0,%,2021-11-04,2021-11-18
C4WP3HEUT2,6500000.0,VND,2021-09-07,2021-09-21
C7K9JUW4GI,6500000.0,VND,2021-08-11,2021-08-25
C7QD9A8H3S,40.0,%,2021-08-15,2021-08-29
CAAYA0GQTI,20.0,%,2021-09-06,2021-09-20
CADEV8TRWF,20.0,%,2021-10-05,2021-10-19
CAH4B6S7PB,20.0,%,2021-07-01,2021-07-15
CCYLFZUXFU,1000000.0,VND,2022-01-05,2022-01-19
CESS3LTQEK,300000.0,VND,2021-02-11,2021-02-25
CFL32CFF6M,35.0,%,2022-04-27,2022-05-11
CG0CF1NMMV,75.0,%,2021-10-23,2021-11-06
CG55UQY9SH,40.0,%,2022-03-07,2022-03-21
CLC4V2LDF1,25.0,%,2021-03-08,2021-03-22
COHZUZX0YW,500000.0,VND,2021-10-25,2021-11-08
CPBNFF3OM2,35.0,%,2021-12-15,2021-12-29
CQKQL5UMDP,10.0,%,2021-02-07,2021-02-21
CS9KNRNAV6,25.0,%,2021-03-18,2021-04-01
CTSMNJNWHY,500000.0,VND,2021-10-12,2021-10-26
CUTFVDSZUL,500000.0,VND,2021-05-10,2021-05-24
CW85Z4RZZ7,10.0,%,2022-01-14,2022-01-28
D3K235FB7N,30.0,%,2021-08-21,2021-09-04
D544JSQ71H,35.0,%,2021-09-24,2021-10-08
D5T2ENLADG,100000.0,VND,2021-05-09,2021-05-23
D5YI9MLJON,400000.0,VND,2022-04-03,2022-04-17
D7L5WV95U6,25.0,%,2022-03-22,2022-04-05
D8AWVTB7WG,400000.0,VND,2021-02-12,2021-02-26
DDQDQZOY7T,4500000.0,VND,2022-01-10,2022-01-24
DHBPXD6HEP,100000.0,VND,2021-06-01,2021-06-15
DHKEAV6WP6,20.0,%,2022-04-30,2022-05-14
DIXWPLONRV,30.0,%,2021-12-27,2022-01-10
DKCC86ATPZ,35.0,%,2022-04-01,2022-04-15
DKNWTIBSQF,10.0,%,2021-09-24,2021-10-08
DL50T9NVVU,200000.0,VND,2021-08-13,2021-08-27
DMIXX0SLVT,500000.0,VND,2021-03-06,2021-03-20
DO0DJ65CR1,45.0,%,2021-01-22,2021-02-05
DOQJFWHRIH,40.0,%,2022-01-20,2022-02-03
DOTUJRYN0G,40.0,%,2021-02-05,2021-02-19
DPXH269UOJ,40.0,%,2021-05-28,2021-06-11
DPY3YI4QP5,300000.0,VND,2021-04-22,2021-05-06
DR6A8AEJH8,15.0,%,2021-01-08,2021-01-22
DVGX9ECC39,100000.0,VND,2022-03-28,2022-04-11
DZ25A7M38U,500000.0,VND,2022-03-30,2022-04-13
DZ4UAILP53,1000000.0,VND,2021-05-04,2021-05-18
E0BP568WEX,25.0,%,2021-04-10,2021-04-24
E3HW9CHOGE,30.0,%,2021-05-26,2021-06-09
E3Y1DUW5D4,45.0,%,2022-01-05,2022-01-19
E4SWXVDHEG,100000.0,VND,2021-07-17,2021-07-31
E51IFE9K3X,5.0,%,2022-03-17,2022-03-31
E78BACMS5O,15.0,%,2021-12-01,2021-12-15
E9IPAZ6C59,35.0,%,2022-01-20,2022-02-03
ECQDRF2D2J,100000.0,VND,2022-02-10,2022-02-24
EDQSLZRXFY,40.0,%,2022-03-07,2022-03-21
EH1GOV3YGP,400000.0,VND,2021-03-28,2021-04-11
EH8DJ113S7,25.0,%,2021-03-03,2021-03-17
EJSXC8GM8O,35.0,%,2022-02-13,2022-02-27
EL2V8KQK0A,60.0,%,2021-07-11,2021-07-25
ENEVC85MHZ,5.0,%,2022-01-03,2022-01-17
ESAMS1XFL1,5.0,%,2022-02-11,2022-02-25
ESWI5DF07T,20.0,%,2021-07-03,2021-07-17
ETFYFV7AXY,40.0,%,2021-09-19,2021-10-03
EUML7B56L9,200000.0,VND,2022-04-25,2022-05-09
EX6P727GGU,5.0,%,2021-11-02,2021-11-16
EY0E6WK89O,25.0,%,2021-09-23,2021-10-07
EYMYVW5MBM,2000000.0,VND,2021-03-22,2021-04-05
EZRN66XGLG,25.0,%,2022-01-26,2022-02-09
F2U4T3TSFI,20.0,%,2021-01-09,2021-01-23
F3DUM5RYY3,35.0,%,2022-02-22,2022-03-08
F461SXMJOB,300000.0,VND,2022-03-14,2022-03-28
F4GSMQWADV,100000.0,VND,2021-11-18,2021-12-02
F52D4HFT39,200000.0,VND,2021-01-31,2021-02-14
F5MKY73B7P,10.0,%,2021-04-01,2021-04-15
F8KB3NVARO,10.0,%,2021-04-02,2021-04-16
F9IOOKRL4P,100000.0,VND,2021-11-03,2021-11-17
FA4S5E21JV,35.0,%,2021-12-02,2021-12-16
FDO0MYKBTX,30.0,%,2021-09-24,2021-10-08
FEKSVDKP6S,40.0,%,2021-12-30,2022-01-13
FFM4K0GGSE,200000.0,VND,2021-12-28,2022-01-11
FG0HV4BVJK,2500000.0,VND,2021-06-24,2021-07-08
FHETMLO4EV,1500000.0,VND,2021-12-25,2022-01-08
FHKXHP5373,300000.0,VND,2021-09-11,2021-09-25
FID2QAKS97,90.0,%,2021-05-24,2021-06-07
FIEC4D4SN8,35.0,%,2022-01-26,2022-02-09
FIX9GOHD44,35.0,%,2021-04-28,2021-05-12
FJ6PYYOO35,200000.0,VND,2021-10-23,2021-11-06
FJHRO19GOZ,85.0,%,2021-05-27,2021-06-10
FJLBNAUR51,25.0,%,2021-01-12,2021-01-26
FK9VF2RD1S,40.0,%,2021-08-14,2021-08-28
FKZ7ZMKJO2,200000.0,VND,2021-06-14,2021-06-28
FP86LY1Y8U,200000.0,VND,2021-03-09,2021-03-23
FS1Z0NBOOB,30.0,%,2021-04-08,2021-04-22
FTD3K3NXRB,10.0,%,2021-09-19,2021-10-03
FU9IQSA4NB,25.0,%,2021-09-21,2021-10-05
FUIRLE9I6Z,25.0,%,2021-09-04,2021-09-18
FUWN8MZXJB,30.0,%,2022-01-13,2022-01-27
FWRWH34KKQ,300000.0,VND,2021-04-01,2021-04-15
FZ423QVLFN,15.0,%,2021-08-01,2021-08-15
FZ6035HVIP,5.0,%,2022-04-19,2022-05-03
G0TOTDUWIJ,35.0,%,2021-08-03,2021-08-17
G10O4NYEOB,35.0,%,2022-01-16,2022-01-30
G15RMKJPPT,35.0,%,2021-12-31,2022-01-14
G2S3G36VFD,300000.0,VND,2022-02-26,2022-03-12
G5U3T4UYS6,40.0,%,2021-12-24,2022-01-07
G8R58L2790,500000.0,VND,2021-06-12,2021-06-26
G9BLK3U7Y1,25.0,%,2021-10-29,2021-11-12
G9DA0WG0YZ,20.0,%,2022-01-06,2022-01-20
GDTKUXMH71,200000.0,VND,2022-01-02,2022-01-16
GE5FNLDTE0,300000.0,VND,2022-04-22,2022-05-06
GFVIQWLA3O,300000.0,VND,2021-11-09,2021-11-23
GGIMP1HMMK,15.0,%,2022-01-09,2022-01-23
GH4BAAWGIA,200000.0,VND,2021-01-29,2021-02-12
GHOYWVGW4Y,5.0,%,2022-03-23,2022-04-06
GKTVPNJ8FG,25.0,%,2021-11-27,2021-12-11
GL19TXMTLN,100.0,VND,2021-09-29,2021-10-13
GM0OOBI9UZ,10.0,%,2021-08-24,2021-09-07
GMRROWD9DE,100000.0,VND,2022-03-18,2022-04-01
GN1OTDMP65,3000000.0,VND,2021-10-10,2021-10-24
GNI4RSJ1J0,15.0,%,2021-03-23,2021-04-06
GP24UW8Z59,15.0,%,2022-04-29,2022-05-13
GP5T5YTGBA,35.0,%,2022-01-10,2022-01-24
GPQIF6CJ81,300000.0,VND,2022-02-25,2022-03-11
GPS0PY1BYN,65.0,%,2022-03-04,2022-03-18
GQ5EY918SZ,200000.0,VND,2022-02-07,2022-02-21
GQNI689H9U,10.0,%,2021-11-06,2021-11-20
GTJHW9DYL5,25.0,%,2022-03-12,2022-03-26
GTTPDZKD9E,25.0,%,2021-11-05,2021-11-19
GU3IF4TWYC,500000.0,VND,2021-05-01,2021-05-15
GUCJ8XH33R,50.0,%,2022-04-14,2022-04-28
GUKKH9HE0I,400000.0,VND,2021-02-21,2021-03-07
GV9DRCYTNB,45.0,%,2021-05-20,2021-06-03
GVBP3LW9F2,5.0,%,2021-04-14,2021-04-28
GWN2AXRHDT,15.0,%,2021-03-08,2021-03-22
GX5BMFHJKW,200000.0,VND,2021-10-04,2021-10-18
GZN7USFRKF,40.0,%,2021-05-07,2021-05-21
H127LP6630,500000.0,VND,2021-03-03,2021-03-17
H1TYO7QLD3,15.0,%,2021-05-11,2021-05-25
H2962PL3NC,30.0,%,2021-10-15,2021-10-29
H3KTJMYG5B,35.0,%,2022-02-08,2022-02-22
H4GRLOIWRX,25.0,%,2021-06-26,2021-07-10
H84WJUUG9W,40.0,%,2021-10-13,2021-10-27
H96TRTB26W,5500000.0,VND,2021-10-17,2021-10-31
HCVTJDBF9H,300000.0,VND,2021-10-30,2021-11-13
HEO94YOXUK,1000000.0,VND,2021-11-21,2021-12-05
HEQYJGTU4W,5.0,%,2021-06-03,2021-06-17
HFYZPCML84,40.0,%,2021-03-07,2021-03-21
HGGE1SIGUX,15.0,%,2022-03-01,2022-03-15
HHZ5OMQTDZ,1000000.0,VND,2021-10-01,2021-10-15
HI9SYTC3S0,35.0,%,2021-03-11,2021-03-25
HJEAN9YJEG,30.0,%,2021-06-17,2021-07-01
HJQRTFT9UJ,5.0,%,2021-12-06,2021-12-20
HM6M5SGX0W,45.0,%,2021-08-16,2021-08-30
HNASXPTCJ0,20.0,%,2021-07-27,2021-08-10
HPND4BTPRU,10000000.0,VND,2021-01-21,2021-02-04
HUYYFP6TLI,5.0,%,2022-01-29,2022-02-12
HYM85SSWNF,20.0,%,2021-03-16,2021-03-30
HZ3Z9EHZM9,15.0,%,2021-07-30,2021-08-13
HZ8IB35CEE,35.0,%,2022-02-19,2022-03-05
I0E6GT2ZS7,15.0,%,2021-04-24,2021-05-08
I21QWUL5I9,30.0,%,2021-12-18,2022-01-01
I3SHJJBEVI,45.0,%,2021-09-14,2021-09-28
I7II1PIDNI,45.0,%,2022-02-09,2022-02-23
I8O3UHD6HH,300000.0,VND,2021-07-15,2021-07-29
I8SWOPHF4H,45.0,%,2022-03-11,2022-03-25
I9SVWVEH3R,30.0,%,2021-05-10,2021-05-24
I9U8P1JXF5,300000.0,VND,2021-06-27,2021-07-11
IB3Q4WYBY7,10.0,%,2022-03-25,2022-04-08
IBKV835OLZ,1000000.0,VND,2022-01-22,2022-02-05
ICWO09QHTE,5.0,%,2021-03-16,2021-03-30
IDCRYSPVHW,20.0,%,2021-10-31,2021-11-14
IEAHA970FB,25.0,%,2022-02-19,2022-03-05
IFCTEDMY58,30.0,%,2021-02-12,2021-02-26
IFI92NUF1X,45.0,%,2021-02-03,2021-02-17
IGA23JSO0X,45.0,%,2021-12-02,2021-12-16
IGYJARYEH8,400000.0,VND,2021-05-06,2021-05-20
IHIKQT1J8M,35.0,%,2021-12-23,2022-01-06
IL0J4OTBMV,400000.0,VND,2021-10-26,2021-11-09
ILBERJH0R1,70.0,%,2021-02-18,2021-03-04
IMK3TKH339,400000.0,VND,2021-09-05,2021-09-19
IP5D6OSIBK,20.0,%,2021-11-16,2021-11-30
IP8FXTWDFH,80.0,%,2022-04-09,2022-04-23
IPHDZ8X31R,100.0,VND,2022-03-14,2022-03-28
IV20P0SAS1,500000.0,VND,2021-08-05,2021-08-19
J0NKF75ACH,45.0,%,2021-11-21,2021-12-05
J172GD4JBF,35.0,%,2022-03-15,2022-03-29
J1796J5LPT,15.0,%,2021-05-07,2021-05-21
J3JAG9J63D,15.0,%,2021-06-20,2021-07-04
J8DD8CVUU6,25.0,%,2021-01-02,2021-01-16
J9QZSHRE7R,25.0,%,2021-08-04,2021-08-18
JA7QX4IQ27,1000000.0,VND,2021-06-09,2021-06-23
JB03SQ7TV3,5.0,%,2021-11-28,2021-12-12
JD7B21JAG3,400000.0,VND,2021-11-20,2021-12-04
JDYB2GF3T8,30.0,%,2021-12-19,2022-01-02
JEO6OE0K06,40.0,%,2021-12-03,2021-12-17
JEYRG3SHL1,45.0,%,2021-06-18,2021-07-02
JFIIOD0MK2,5500000.0,VND,2021-04-17,2021-05-01
JGY93H1GYW,2000000.0,VND,2021-10-18,2021-11-01
JGZDH84CCG,15.0,%,2021-05-07,2021-05-21
JKGCVDDC44,25.0,%,2021-05-02,2021-05-16
JLC8JRRTWI,10.0,%,2021-03-09,2021-03-23
JLCZNTY28J,8000000.0,VND,2021-11-03,2021-11-17
JN8KM3WEUC,3000000.0,VND,2022-04-26,2022-05-10
JNEZI3FIPU,45.0,%,2021-08-22,2021-09-05
JOC1AUMT3C,50.0,%,2022-04-29,2022-05-13
JP8GX0CWWS,400000.0,VND,2022-03-24,2022-04-07
JPIHB33H5Y,100000.0,VND,2022-02-20,2022-03-06
JPUNS53J6U,1000000.0,VND,2021-11-08,2021-11-22
JQ615CBK4N,40.0,%,2021-02-20,2021-03-06
JVNPNQQ32I,20.0,%,2021-10-29,2021-11-12
JX0KT7F55P,45.0,%,2022-03-02,2022-03-16
JXW1SNFL4P,400000.0,VND,2022-01-10,2022-01-24
JYD87ETGFC,30.0,%,2021-09-11,2021-09-25
K0YN740RQ4,2500000.0,VND,2021-12-06,2021-12-20
K1FB2ULRRP,15.0,%,2021-12-04,2021-12-18
K4R827KGB3,20.0,%,2022-03-21,2022-04-04
K5ROSU868O,200000.0,VND,2021-02-08,2021-02-22
K8F6283V05,30.0,%,2021-10-02,2021-10-16
KCU2LC0KQ2,5.0,%,2021-09-04,2021-09-18
KD144F3M5K,40.0,%,2022-01-29,2022-02-12
KDG4XQO1P5,20.0,%,2021-06-21,2021-07-05
KDMS7WVEET,400000.0,VND,2021-01-10,2021-01-24
KDZEP6D6TW,10.0,%,2021-06-10,2021-06-24
KE7ZBMJ14X,20.0,%,2021-01-25,2021-02-08
KFULJ9YW8C,20.0,%,2021-02-26,2021-03-12
KG55PQ0ACS,15.0,%,2021-07-11,2021-07-25
KIE68RSK8G,5.0,%,2022-01-09,2022-01-23
KIFLBRLDIY,20.0,%,2022-01-16,2022-01-30
KJBJVU2ZN7,500000.0,VND,2021-04-03,2021-04-17
KJWSZ6V9O0,200000.0,VND,2022-01-08,2022-01-22
KLO75Y5LY8,25.0,%,2021-02-18,2021-03-04
KNRI4H0833,45.0,%,2021-09-12,2021-09-26
KO12QLCB7J,20.0,%,2021-08-16,2021-08-30
KQK7N6EY4K,20.0,%,2021-12-31,2022-01-14
KRDN7W1A5O,15.0,%,2022-03-04,2022-03-18
KSA68HEA07,25.0,%,2021-06-21,2021-07-05
KU2Q3B3UBV,40.0,%,2022-03-21,2022-04-04
KU69SQDZC3,15.0,%,2021-04-04,2021-04-18
KV28C3ATWR,35.0,%,2021-01-03,2021-01-17
KV8PMYI14V,300000.0,VND,2021-01-17,2021-01-31
KVC7YXWJ9V,35.0,%,2021-04-07,2021-04-21
KX7P12FQDH,40.0,%,2022-04-10,2022-04-24
KXQQHD1G5Z,8500000.0,VND,2022-03-04,2022-03-18
L0TXBN6VZB,5.0,%,2021-05-27,2021-06-10
L10B8UKXXM,100000.0,VND,2021-10-12,2021-10-26
L3GVOBDGJ9,400000.0,VND,2021-11-15,2021-11-29
L3UCKP7JED,200000.0,VND,2021-02-03,2021-02-17
L43L6NKGUF,40.0,%,2021-12-18,2022-01-01
L5UTLH1TBF,5.0,%,2021-10-07,2021-10-21
L6NIZA76IY,5.0,%,2021-02-28,2021-03-14
L9WWHMD71G,35.0,%,2021-09-23,2021-10-07
LEBOBVUDGT,20.0,%,2021-12-15,2021-12-29
LFBY87NNF5,8000000.0,VND,2021-03-29,2021-04-12
LH5LZMTT2B,300000.0,VND,2022-02-09,2022-02-23
LH9JLOEIXC,300000.0,VND,2021-07-27,2021-08-10
LJPITDRMA4,35.0,%,2022-02-15,2022-03-01
LK8IYDYRWN,35.0,%,2021-03-05,2021-03-19
LLCXFTKAWF,10.0,%,2021-12-08,2021-12-22
LO0UPY1K4V,45.0,%,2021-02-20,2021-03-06
LO73WUS7MA,100000.0,VND,2021-01-16,2021-01-30
LP60PF5H7S,25.0,%,2022-03-12,2022-03-26
LRHQEFBAPD,30.0,%,2021-05-22,2021-06-05
LTXHZGE90H,200000.0,VND,2021-10-17,2021-10-31
LUPLOF7YBB,100.0,VND,2022-01-30,2022-02-13
LV5F3TCHIU,40.0,%,2021-05-11,2021-05-25
LW1LBV98WZ,15.0,%,2021-08-05,2021-08-19
LWAJVBGGFW,100000.0,VND,2021-08-04,2021-08-18
LXIH7SGS5A,15.0,%,2021-12-26,2022-01-09
LXO8AD40BO,30.0,%,2021-09-20,2021-10-04
LY7WR6CZ1U,300000.0,VND,2021-03-23,2021-04-06
LYJD28PW43,10.0,%,2021-11-04,2021-11-18
LZB5LXW8H3,30.0,%,2022-04-01,2022-04-15
M1YBJ5BP01,300000.0,VND,2022-01-14,2022-01-28
M2L9J4FFRB,35.0,%,2022-01-08,2022-01-22
M3B5P039DD,15.0,%,2022-03-21,2022-04-04
M3Z3LZT509,10.0,%,2021-11-04,2021-11-18
M4IXAOOEN4,7000000.0,VND,2021-07-29,2021-08-12
M6ME4U4C9W,300000.0,VND,2022-02-19,2022-03-05
M6N739OIS1,4500000.0,VND,2021-09-27,2021-10-11
M6UKVTKA81,200000.0,VND,2022-01-05,2022-01-19
M91KC1XO85,300000.0,VND,2021-05-01,2021-05-15
M9BOVO0J3S,50.0,%,2021-06-17,2021-07-01
MBOLIL1W1I,500000.0,VND,2021-10-29,2021-11-12
MBWYH66BN6,30.0,%,2021-04-21,2021-05-05
MC7J6F09AV,25.0,%,2022-04-07,2022-04-21
MCHY2U8I34,200000.0,VND,2021-02-17,2021-03-03
MCJ314R53S,300000.0,VND,2021-11-07,2021-11-21
MDHH0PY8NA,20.0,%,2022-03-13,2022-03-27
MFHEU3184W,5000000.0,VND,2022-03-30,2022-04-13
MH8NJ6KHYH,15.0,%,2021-10-11,2021-10-25
MI8ZVA7UHP,50.0,%,2021-09-07,2021-09-21
MIG9OV3HK1,25.0,%,2021-08-31,2021-09-14
MIKIXC51Y8,25.0,%,2022-03-08,2022-03-22
MLH83YSRXQ,5.0,%,2022-03-16,2022-03-30
MNFUQUOUMT,10.0,%,2022-01-31,2022-02-14
MNICW9B0DN,45.0,%,2021-10-06,2021-10-20
MNZ17M28ZK,25.0,%,2021-10-09,2021-10-23
MODQT4AZ2X,20.0,%,2021-08-14,2021-08-28
MOR38P6X38,10.0,%,2021-12-14,2021-12-28
MOZBXS6P6V,15.0,%,2021-04-29,2021-05-13
MR1A9YNPYA,45.0,%,2021-01-05,2021-01-19
MRUNTNRQL4,30.0,%,2021-05-22,2021-06-05
MV1VNJ0ZNC,10.0,%,2021-05-02,2021-05-16
MVDIS72PDR,300000.0,VND,2021-08-04,2021-08-18
MVE0JB6I4Z,300000.0,VND,2021-01-10,2021-01-24
MXQ4C10XPD,300000.0,VND,2021-01-07,2021-01-21
MZ5U41WO6M,50.0,%,2022-03-05,2022-03-19
N0GYROPN9W,5.0,%,2021-03-10,2021-03-24
N0LN3BFS85,10.0,%,2022-04-18,2022-05-02
N20FMLU0FT,50.0,%,2022-04-08,2022-04-22
N3G1GTCONK,25.0,%,2021-05-27,2021-06-10
N5PEDBME7E,35.0,%,2021-02-26,2021-03-12
N5S5XKORJ9,35.0,%,2021-01-04,2021-01-18
N667BBTOHR,5000000.0,VND,2021-01-08,2021-01-22
N76IUD4B6S,2000000.0,VND,2021-10-05,2021-10-19
N8NV2LVH8C,20.0,%,2021-06-09,2021-06-23
N9KWPDLYZ6,300000.0,VND,2021-06-13,2021-06-27
NAG8RPBUKA,10.0,%,2021-07-14,2021-07-28
NAGX25DUS0,30.0,%,2021-08-13,2021-08-27
NEHI9XMNP1,30.0,%,2021-11-11,2021-11-25
NFXM1YI4NG,200000.0,VND,2022-04-16,2022-04-30
NGE7WZ82KV,25.0,%,2021-12-13,2021-12-27
NGZXQ2FY46,200000.0,VND,2021-06-02,2021-06-16
NHCCNURSBN,300000.0,VND,2021-02-09,2021-02-23
NIFJWLEP51,15.0,%,2021-01-02,2021-01-16
NMG8NBEC2R,30.0,%,2021-10-20,2021-11-03
NN5R4DYFCC,40.0,%,2021-04-20,2021-05-04
NNW6LNWTR1,10.0,%,2022-02-15,2022-03-01
NO1YY8EVKF,3000000.0,VND,2021-09-08,2021-09-22
NP2LPDB3NH,10.0,%,2021-02-20,2021-03-06
NQSETGS9VK,40.0,%,2021-06-18,2021-07-02
NQZAS5G5XG,5.0,%,2021-06-03,2021-06-17
NRGH5390O3,1000000.0,VND,2022-02-14,2022-02-28
NU33TYXCG6,100000.0,VND,2022-01-26,2022-02-09
NUF0E32V0W,35.0,%,2021-09-07,2021-09-21
NWFMSWMZPV,30.0,%,2021-05-19,2021-06-02
NX7M9ZG6BE,100000.0,VND,2021-06-16,2021-06-30
NZHYI0WNMW,35.0,%,2022-01-30,2022-02-13
O0WAV4HDVY,100000.0,VND,2022-02-03,2022-02-17
O4IMY4NGHQ,4000000.0,VND,2022-03-03,2022-03-17
O4YWCBAAW8,45.0,%,2021-12-04,2021-12-18
O5TS30F36G,35.0,%,2021-03-03,2021-03-17
O7ABRH9J3L,300000.0,VND,2021-04-09,2021-04-23
O880T6A37D,400000.0,VND,2021-08-04,2021-08-18
O8FRLKOJCR,25.0,%,2021-06-09,2021-06-23
OB25LHYPU1,40.0,%,2021-08-09,2021-08-23
OB7B0XAFNP,80.0,%,2021-04-10,2021-04-24
OC5MX3Q4XH,45.0,%,2021-01-31,2021-02-14
OD0MH9NF61,300000.0,VND,2021-11-15,2021-11-29
OD5GDMHVBA,30.0,%,2021-10-17,2021-10-31
ODRI7E7CBX,20.0,%,2021-02-23,2021-03-09
OGE536UYV8,6000000.0,VND,2021-07-27,2021-08-10
OH6BFP3KTA,200000.0,VND,2021-10-18,2021-11-01
OI4QTI3Q3W,20.0,%,2021-06-13,2021-06-27
OKAXKQCN7P,50.0,%,2021-07-04,2021-07-18
OL67FW2VMP,35.0,%,2021-06-03,2021-06-17
OLKV3S52S6,50.0,%,2021-10-09,2021-10-23
OMRR1QMBXG,200000.0,VND,2021-05-14,2021-05-28
ONYPWE0J21,35.0,%,2021-04-10,2021-04-24
OOPXF7YBBN,5.0,%,2022-02-03,2022-02-17
OQ0CKJ55L4,200000.0,VND,2021-05-09,2021-05-23
ORZ2D63RG5,50.0,%,2021-03-17,2021-03-31
OTLGRKJK98,40.0,%,2021-02-10,2021-02-24
OTSYJA6ZNJ,100000.0,VND,2022-02-07,2022-02-21
OVGCXT8P38,400000.0,VND,2021-10-07,2021-10-21
OVVPZS64AK,10.0,%,2022-03-11,2022-03-25
OX8CYIOHXG,45.0,%,2022-04-12,2022-04-26
OXBCYDAV3E,20.0,%,2021-07-25,2021-08-08
P2DJ2OSOHO,25.0,%,2021-04-25,2021-05-09
P4MEJD8F77,300000.0,VND,2021-04-23,2021-05-07
P4RTZWA53T,15.0,%,2021-10-20,2021-11-03
P4YKRJCVQE,45.0,%,2021-10-07,2021-10-21
P8MF269RVT,300000.0,VND,2021-10-07,2021-10-21
P9BYAOIEXX,100000.0,VND,2021-08-31,2021-09-14
PCOS0RFQGP,100000.0,VND,2021-05-03,2021-05-17
PILLHNQTH7,20.0,%,2022-04-11,2022-04-25
PIO10Q1COS,5000000.0,VND,2021-08-29,2021-09-12
PJ39YDMFW7,5.0,%,2021-07-29,2021-08-12
PL0Q9X29I2,200000.0,VND,2022-04-24,2022-05-08
PP5U1URCH1,40.0,%,2021-01-25,2021-02-08
PTESFAAP7L,25.0,%,2021-09-09,2021-09-23
PU7HI2Y35O,100000.0,VND,2021-07-26,2021-08-09
PV4TPZTXPW,20.0,%,2021-09-01,2021-09-15
PWDT1ENG6A,20.0,%,2021-05-29,2021-06-12
PWX5J08RU9,200000.0,VND,2021-05-04,2021-05-18
PXUT55U8QC,200000.0,VND,2021-05-09,2021-05-23
PZFLCTFYLS,5.0,%,2021-10-25,2021-11-08
Q24E49PAWS,400000.0,VND,2021-12-09,2021-12-23
Q2TDDZXAX1,200000.0,VND,2021-12-14,2021-12-28
Q6Y0P4VOLR,5.0,%,2021-10-14,2021-10-28
Q6YC6VC10D,20.0,%,2022-01-27,2022-02-10
Q9TVHR7QKI,15.0,%,2022-01-11,2022-01-25
QBY18H2XUW,3000000.0,VND,2021-10-04,2021-10-18
QCERBWGD7D,30.0,%,2021-04-27,2021-05-11
QCQEDILHSE,95.0,%,2022-03-26,2022-04-09
QD3M5VDDWM,40.0,%,2021-08-12,2021-08-26
QDYELY19FX,15.0,%,2021-12-20,2022-01-03
QE9XY0UO1O,15.0,%,2021-10-12,2021-10-26
QEL3TLTJHJ,20.0,%,2021-08-14,2021-08-28
QHEDIFL7BL,40.0,%,2021-07-17,2021-07-31
QI2JX1AWR5,300000.0,VND,2021-12-01,2021-12-15
QITJROVVLA,300000.0,VND,2021-05-13,2021-05-27
QIUDM092UZ,15.0,%,2022-03-06,2022-03-20
QLKIADA3VD,4000000.0,VND,2021-09-16,2021-09-30
QM6S4UX7X1,500000.0,VND,2021-04-03,2021-04-17
QNAKFF5KKX,2000000.0,VND,2021-12-13,2021-12-27
QO45953G29,500000.0,VND,2021-09-17,2021-10-01
QRALXAM1BO,100000.0,VND,2022-01-01,2022-01-15
QRVZ9P1N7B,5.0,%,2021-10-11,2021-10-25
QTHHMEBQ1O,5.0,%,2021-10-23,2021-11-06
QWJM8L9MXR,15.0,%,2021-08-25,2021-09-08
R04T741WR9,3500000.0,VND,2021-02-06,2021-02-20
R1RCNU404N,30.0,%,2022-03-15,2022-03-29
R2N2EIL5S5,100000.0,VND,2021-12-08,2021-12-22
R2OKSY1U2S,35.0,%,2022-03-21,2022-04-04
R4Z7OJWSOY,200000.0,VND,2021-12-29,2022-01-12
R9Y9VDU68O,500000.0,VND,2022-02-27,2022-03-13
RAFT3FLTFS,20.0,%,2022-03-16,2022-03-30
RAZE8ZJM49,15.0,%,2021-10-12,2021-10-26
RBARPUB2WQ,5.0,%,2022-03-06,2022-03-20
RDBQV2DC4Q,45.0,%,2021-06-15,2021-06-29
RI09TD2P4K,9000000.0,VND,2021-04-30,2021-05-14
RJ8RADHMQX,200000.0,VND,2021-10-11,2021-10-25
RJG9P8XV5K,35.0,%,2021-01-11,2021-01-25
RJIUA3A2LS,25.0,%,2021-09-04,2021-09-18
RMM8EVOF7O,20.0,%,2021-09-14,2021-09-28
RQFE7PI832,10.0,%,2021-07-07,2021-07-21
RQQ4WKMC7E,5.0,%,2021-08-11,2021-08-25
RRG2V735SA,1000000.0,VND,2021-04-05,2021-04-19
RRKNT4W8PG,100000.0,VND,2021-09-01,2021-09-15
RSQBF98N55,20.0,%,2021-01-08,2021-01-22
RW4EAF5H2X,100000.0,VND,2021-10-09,2021-10-23
RWZIJ3HF7B,45.0,%,2021-02-12,2021-02-26
RXN4YAVZI3,20.0,%,2022-04-27,2022-05-11
RXXLVJ8EKJ,15.0,%,2022-01-21,2022-02-04
RYSWO29LZ4,15.0,%,2021-02-06,2021-02-20
S67GRZSXJQ,200000.0,VND,2021-12-24,2022-01-07
SA38FT0M3D,200000.0,VND,2021-09-08,2021-09-22
SFYGYMBTDG,20.0,%,2021-11-18,2021-12-02
SG1QHJHK7E,20.0,%,2021-09-06,2021-09-20
SIBJGMFE6U,25.0,%,2021-07-28,2021-08-11
SIQ2XLRNNZ,200000.0,VND,2021-08-08,2021-08-22
SLB3LFO69D,300000.0,VND,2021-09-04,2021-09-18
SNQD7HHM4W,35.0,%,2021-08-03,2021-08-17
SOE52Y9AX6,20.0,%,2021-02-20,2021-03-06
SOMHZX7KO5,45.0,%,2021-04-04,2021-04-18
SOU278863F,10.0,%,2022-05-04,2022-05-18
SPW6PP5814,45.0,%,2021-01-31,2021-02-14
SQJL7ZLMUM,40.0,%,2021-09-02,2021-09-16
SRMY2ZPO7G,10.0,%,2021-08-31,2021-09-14
SSTEYNSYNZ,500000.0,VND,2021-01-05,2021-01-19
SU3TRZSARX,35.0,%,2022-04-07,2022-04-21
SZS5Z30FHP,25.0,%,2021-04-22,2021-05-06
T22OAPDM1X,100000.0,VND,2021-07-08,2021-07-22
T2SONT6LH9,40.0,%,2022-01-22,2022-02-05
T56OVAA7W9,100000.0,VND,2021-08-29,2021-09-12
T59BDJ4RK2,20.0,%,2022-01-02,2022-01-16
T5VZ056O97,25.0,%,2021-06-09,2021-06-23
T6UE58SW4A,50.0,%,2021-12-29,2022-01-12
T805Q2NOYI,10.0,%,2021-03-15,2021-03-29
T9XYUGDYPB,8000000.0,VND,2021-09-07,2021-09-21
TAV0YFSU21,100000.0,VND,2022-03-01,2022-03-15
TAZIL0KEUN,15.0,%,2021-03-18,2021-04-01
TCT373DKLY,25.0,%,2021-12-01,2021-12-15
TDF03AEXCP,5.0,%,2021-10-25,2021-11-08
TDXXGPYHT6,35.0,%,2021-11-15,2021-11-29
TFNMEDN6J9,40.0,%,2021-08-02,2021-08-16
TG4G49XLBC,35.0,%,2022-04-26,2022-05-10
THZI4O2S44,300000.0,VND,2021-04-21,2021-05-05
TIH9AL6KXU,20.0,%,2021-11-07,2021-11-21
TLTIQ9WZH6,15.0,%,2021-06-12,2021-06-26
TMAFT8G62E,30.0,%,2022-04-30,2022-05-14
TO5H8WURHN,400000.0,VND,2022-03-05,2022-03-19
TO62MY1X62,6000000.0,VND,2022-02-15,2022-03-01
TOO2IQ3M5U,25.0,%,2021-07-10,2021-07-24
TOVN96NRUP,15.0,%,2021-08-22,2021-09-05
TQMWJYIQ0Z,30.0,%,2021-01-15,2021-01-29
TR24PBUU38,10.0,%,2021-12-12,2021-12-26
TRPC5BTYUH,200000.0,VND,2021-01-14,2021-01-28
TS788O42NH,200000.0,VND,2021-02-20,2021-03-06
TSI9D39B5H,10.0,%,2021-04-11,2021-04-25
TTZC2IRPZB,30.0,%,2021-08-04,2021-08-18
TWP28T2AXZ,200000.0,VND,2021-08-11,2021-08-25
TWQ6HPOKIL,20.0,%,2022-01-05,2022-01-19
TWT5G00C4R,10.0,%,2021-02-01,2021-02-15
TY4K27YKJD,100000.0,VND,2021-03-10,2021-03-24
TYBUMZMHTP,30.0,%,2021-11-22,2021-12-06
U2VCYZOW66,35.0,%,2021-12-23,2022-01-06
U39IHWYZTR,35.0,%,2021-02-11,2021-02-25
U465TJISFO,200000.0,VND,2021-12-26,2022-01-09
U4XG2G8OKB,200000.0,VND,2022-03-22,2022-04-05
U714S0UDQ9,40.0,%,2022-01-29,2022-02-12
U8L1NZKLOZ,35.0,%,2021-04-20,2021-05-04
U8QRDIGD28,500000.0,VND,2022-01-10,2022-01-24
UAMM8T1WMS,1000000.0,VND,2021-06-06,2021-06-20
UBR4P90SST,35.0,%,2022-04-26,2022-05-10
UD0LEA17NI,45.0,%,2021-01-17,2021-01-31
UIGAX833GZ,10.0,%,2022-02-14,2022-02-28
UKPO241SN1,20.0,%,2022-02-11,2022-02-25
ULZACOMVCU,200000.0,VND,2022-01-20,2022-02-03
UMSCVNNQFO,300000.0,VND,2022-03-17,2022-03-31
UN1V2HWTKI,200000.0,VND,2022-01-25,2022-02-08
UN2B2IXHL2,30.0,%,2021-06-18,2021-07-02
UNOXRH87LM,200000.0,VND,2022-04-10,2022-04-24
UPP9Z78LDV,100000.0,VND,2021-11-12,2021-11-26
UR4Z3G1V9W,200000.0,VND,2022-02-12,2022-02-26
URLRAT9Z00,200000.0,VND,2021-10-18,2021-11-01
UUJSY15EGK,400000.0,VND,2021-02-09,2021-02-23
UWKUSEV169,5.0,%,2021-11-02,2021-11-16
UX0PCACBHV,15.0,%,2021-10-27,2021-11-10
V0KB8XG8B4,200000.0,VND,2021-11-29,2021-12-13
V2XMMQE9Y9,30.0,%,2021-03-23,2021-04-06
V31BE9459A,30.0,%,2021-10-06,2021-10-20
V4KJCKFA7R,20.0,%,2021-08-09,2021-08-23
V5BR5LJB88,25.0,%,2021-05-01,2021-05-15
V5E5RJ8U7B,400000.0,VND,2021-07-24,2021-08-07
V8DTG4JG09,35.0,%,2021-06-13,2021-06-27
V9P519YK7D,200000.0,VND,2022-04-18,2022-05-02
V9X5L9Y6K1,5.0,%,2021-03-01,2021-03-15
VA097ZRCDM,500000.0,VND,2021-03-12,2021-03-26
VAQ84FENV1,20.0,%,2022-04-22,2022-05-06
VEEOHO5F0I,200000.0,VND,2021-09-07,2021-09-21
VFTK228RFL,25.0,%,2021-05-30,2021-06-13
VFU2Q5CID6,2500000.0,VND,2021-01-05,2021-01-19
VGZJFX8N9I,40.0,%,2021-06-29,2021-07-13
VHPFHCU5UF,50.0,%,2021-09-05,2021-09-19
VIX3X8SFDN,95.0,%,2022-03-08,2022-03-22
VJR1NAWJ0Q,45.0,%,2022-01-20,2022-02-03
VKFKPZB68M,100000.0,VND,2021-03-12,2021-03-26
VMN2LYC936,10.0,%,2021-06-23,2021-07-07
VPL6HMXPI4,25.0,%,2021-05-18,2021-06-01
VQ2OGMYCTU,300000.0,VND,2021-01-07,2021-01-21
VRZWC47Q72,5.0,%,2021-12-23,2022-01-06
VSBBNVT1R8,35.0,%,2021-01-06,2021-01-20
VSZ7MDF2C0,75.0,%,2021-01-22,2021-02-05
VYF8C2WGHR,10.0,%,2022-04-14,2022-04-28
W1EA0JB6HD,35.0,%,2022-02-16,2022-03-02
W1QZALR1C6,40.0,%,2021-05-30,2021-06-13
W256R0SLGH,15.0,%,2021-03-16,2021-03-30
W2KDX4GUGY,1000000.0,VND,2022-04-13,2022-04-27
W2L4B3BP0H,55.0,%,2021-06-25,2021-07-09
W866HZ3W0R,45.0,%,2022-04-17,2022-05-01
WBO585Q9P3,30.0,%,2021-01-02,2021-01-16
WBW4YDOCIT,400000.0,VND,2021-01-13,2021-01-27
WD8ASP92BY,30.0,%,2021-05-12,2021-05-26
WEBWY81RGC,10.0,%,2021-06-21,2021-07-05
WEX6FF2RJT,15.0,%,2021-05-05,2021-05-19
WHY8PDMEQE,10.0,%,2021-07-23,2021-08-06
WIQTMHQOJ2,5.0,%,2021-08-06,2021-08-20
WJMGSOR0V6,35.0,%,2021-12-09,2021-12-23
WK52JLB75P,400000.0,VND,2021-08-24,2021-09-07
WKNQ3MZ9VQ,35.0,%,2021-08-18,2021-09-01
WMB2MCJT8N,40.0,%,2021-11-01,2021-11-15
WMXVA28789,300000.0,VND,2021-11-29,2021-12-13
WOEGVQ3WCL,50.0,%,2021-09-28,2021-10-12
WOMGCADZYT,4500000.0,VND,2021-08-11,2021-08-25
WPDVBLEHK7,25.0,%,2021-06-22,2021-07-06
WPI54Y05FC,25.0,%,2021-01-11,2021-01-25
WRTMEZLZLL,500000.0,VND,2022-03-06,2022-03-20
WTWJ87YISZ,35.0,%,2021-07-13,2021-07-27
WURYGFP6EP,30.0,%,2021-07-23,2021-08-06
WUT5M82DZ4,15.0,%,2022-02-01,2022-02-15
WWJ7HUCH23,25.0,%,2021-01-29,2021-02-12
WZFL42XFKS,10.0,%,2022-01-07,2022-01-21
X05OXFM2NG,40.0,%,2021-06-30,2021-07-14
X0RDWJ9R68,30.0,%,2021-01-24,2021-02-07
X47A8EUBCD,35.0,%,2021-04-20,2021-05-04
X9KJUNAIKQ,100000.0,VND,2021-09-08,2021-09-22
XA5XV1Y25T,65.0,%,2021-06-30,2021-07-14
XBEUB5KXC7,5.0,%,2021-12-10,2021-12-24
XBEV9UHIND,10.0,%,2021-11-02,2021-11-16
XD4GHYU99D,45.0,%,2021-07-30,2021-08-13
XDIMUZ7IKB,45.0,%,2021-09-19,2021-10-03
XDWPGX6OS5,10.0,%,2021-02-16,2021-03-02
XDXN241KXI,15.0,%,2021-03-07,2021-03-21
XEX49E79QN,45.0,%,2021-10-29,2021-11-12
XF7FXDCB7Q,25.0,%,2021-05-02,2021-05-16
XG0QR6HQW4,30.0,%,2021-11-23,2021-12-07
XGMHB41EWV,10.0,%,2021-08-29,2021-09-12
XH5ZKELNXW,30.0,%,2022-04-11,2022-04-25
XICFI938B8,300000.0,VND,2021-10-10,2021-10-24
XIG8JLAEZ0,25.0,%,2021-02-15,2021-03-01
XIIJZ6WN2L,50.0,%,2021-03-07,2021-03-21
XILSZ0K05U,6000000.0,VND,2021-08-25,2021-09-08
XJ1K9EII1F,500000.0,VND,2021-01-06,2021-01-20
XKOGPSLA9S,35.0,%,2021-08-26,2021-09-09
XLYNCBAFYQ,25.0,%,2021-06-21,2021-07-05
XNJB0HDOTW,30.0,%,2021-10-31,2021-11-14
XNUQW6ITQO,25.0,%,2022-03-23,2022-04-06
XQN9KL19NP,5.0,%,2021-07-22,2021-08-05
XTM3V2FZC1,100000.0,VND,2021-05-29,2021-06-12
XVI2AIM427,100000.0,VND,2022-02-17,2022-03-03
XVQZ3K4NCK,15.0,%,2021-12-02,2021-12-16
Y5PQJLVRDC,10.0,%,2021-02-23,2021-03-09
Y6HXW6V6AQ,35.0,%,2021-06-22,2021-07-06
YBCFEHZC1J,50.0,%,2021-01-07,2021-01-21
YBHXCHEITH,5.0,%,2022-01-30,2022-02-13
YDLL02E38N,500000.0,VND,2021-04-22,2021-05-06
YE36076J3P,20.0,%,2021-04-28,2021-05-12
YEXDW7BPB4,500000.0,VND,2021-02-01,2021-02-15
YG49CCBBOZ,400000.0,VND,2021-03-31,2021-04-14
YH8TAKHU1A,200000.0,VND,2021-03-22,2021-04-05
YHFO5PHPYX,10.0,%,2021-07-27,2021-08-10
YND2ZGCH49,300000.0,VND,2021-04-27,2021-05-11
YQPTWV0EX7,30.0,%,2022-02-04,2022-02-18
YSYLLONU4M,30.0,%,2021-10-18,2021-11-01
YTW9PS1OPT,30.0,%,2022-04-09,2022-04-23
YU3AV7Z8J7,200000.0,VND,2022-02-12,2022-02-26
YWILZTPS4F,55.0,%,2021-02-05,2021-02-19
YZBJ00IVSQ,200000.0,VND,2021-11-11,2021-11-25
Z2C83JHWZO,15.0,%,2022-02-02,2022-02-16
Z32YAS32E4,20.0,%,2021-08-22,2021-09-05
Z340JQVAOK,1000000.0,VND,2022-01-19,2022-02-02
Z3TABKRAFL,200000.0,VND,2021-05-08,2021-05-22
Z6MPTYC8BO,100000.0,VND,2021-02-24,2021-03-10
Z8FBNBF6TZ,40.0,%,2021-11-22,2021-12-06
Z8OWEOSZYO,30.0,%,2022-02-02,2022-02-16
Z92KAH29RO,300000.0,VND,2022-01-09,2022-01-23
Z9FALEDFNP,4000000.0,VND,2021-12-19,2022-01-02
Z9P7BEUI5H,5.0,%,2021-09-13,2021-09-27
ZB8N11WRJF,20.0,%,2021-08-24,2021-09-07
ZDSZMW4Y9J,15.0,%,2021-01-04,2021-01-18
ZDUXYMNT98,30.0,%,2021-01-02,2021-01-16
ZGQN789PJI,400000.0,VND,2022-03-01,2022-03-15
ZJS1VBTSPJ,30.0,%,2021-12-17,2021-12-31
ZK2KTAOLKM,1500000.0,VND,2021-09-07,2021-09-21
ZK3J4RQI30,100000.0,VND,2021-10-03,2021-10-17
ZLISZIUYRZ,30.0,%,2021-12-12,2021-12-26
ZMJPCYNXKA,10.0,%,2021-08-20,2021-09-03
ZNBXVBTPGA,500000.0,VND,2021-06-22,2021-07-06
ZOAI4HHTAG,80.0,%,2022-05-03,2022-05-17
ZPNX0K10AQ,40.0,%,2021-03-15,2021-03-29
ZQCR209N6D,10000000.0,VND,2022-02-21,2022-03-07
ZS2VEFQ0HI,15.0,%,2021-03-27,2021-04-10
ZVG4REU6P5,25.0,%,2021-03-31,2021-04-14
ZYIW5BK9FV,200000.0,VND,2021-11-16,2021-11-30
ZYKC9O1YVF,45.0,%,2022-01-30,2022-02-13
ZZ688PRQ0Z,35.0,%,2021-05-23,2021-06-06
